bug_type;bug_id;commit_hash_bug;commit_hash_ref;considered_commits;date_commit_bug;date_commit_refactoring;diff_in_days;distance;el;ending_commit;is_root_canal;ref_hash_id;ref_type;scope;starting_commit;type
functional;3654;a243254462954b207fc85fd0940137e7e12e46a3;07e78987dec06decea2760c48e67e2f1be8617ce;[u'0f218f6942d251a3a11c6384a97d87b3c98243dd', u'07105cd9366e4b9f1856d9df96aa0bc1184649e6', u'7cb41867ef74d8a95f6d014c5ae3af3e26fe0b66', u'84a1c85988d3c6115dc1387b47feb84c75d7c1eb', u'9e09dae1686769b6e660cd6b8ec9a62ab35e9acd', u'd58caea92031fd5cdd8b9f2620c7619c372bc148', u'0ab67c7c36ce5157f8f56537839cca04bc791004', u'a4d74210302192bb6326a7653610c9b727a02e94', u'c2f07c86d2be63769e43c847d2aec5d0f32fd927', u'6f1e16595ca48ae1f9681c427555a730237dfcd6', u'1e1ec95117cf4701f3df2530aaf7a7c4627599f3', u'dca2eddf5c4f259301b424fd274fcccf92723be4', u'2a9dd14c83c0279a5343bb3eb5fa576bd288f510', u'181ee43b66990ac8b78d63f248d2165fe799085e', u'042f8e19703285b110f0a7d396110281b281c4e9', u'f07b95837981e5c86ea3fa2f3c281cca460435d8', u'3715be85ef5f5886efceddcbc3fb89131d6f72fc', u'1682016dd6c87936191d661ff5a524d0f3961610', u'dbba36acd01bbfbd38e74f74b6060044f4fffb88', u'6981e55d9f1add1e835cda7957ecdc8c054ae3f9', u'de21140f5ecc583fabdd3eb4b5da74ce27645644', u'17730b026899681557bddd78ecd57524f080aff3', u'17b74dd46b9598d7d8bc282682e0ac030bbfa306', u'743138e410228c29862624b548e02d019579a4f0', u'fca48c5c0df337611bf5aa81f47cc258850c99b0', u'0cd709042cc74009c838ce88da29593078006c9b', u'056b2397b3c5a8188bde55879f717e10282b422f', u'9194b787efb0baa99f57d8e6c2c0fa917e42f66e', u'bd69a851810a4e73fc0beaef64d21dea5104cd9d', u'9f7e5056172c0258220bcfe0586fc595e392a398', u'f21145bfe426b884968b5d9bef800f71c50a6fdb', u'dc70ea5bf0619de3649752ec73ee4782a1343e8b', u'dd85bc7925dc4f100a1c77997516d905600e03da', u'87d30580c831f51d0089ab45607c2ca9ab08cfd6', u'8a791a7a071a2d3f28da62192f935f96367f9451', u'e88d541d8291bd0ce3c69b004d31c0ac1484f6cf', u'32cd6700c31dea7cbfd4165496770277959ceedc', u'613aeae613366ecfd0e5649f08c52dcc35ef7ea5', u'a243254462954b207fc85fd0940137e7e12e46a3', u'018d22e27d0ac053bdccd3d18f9ab846e7c87f4e', u'69914ed1a6fcc2ae2451a7aab618870c0f9e39b9', u'16776c233a27c49522ad563d1419af02b41cfe46', u'a1d31d196403155561081ebcf1c931271f975e1c', u'9dd1513442f915547b13d6fdac062dde63126f4e', u'f6335925eabe9bc0d0b67d9fc0a764c8d0f7c1a2', u'20b94763305828df9ce60597e02f4f5f7a81ec92', u'e2a714c3a9efc2680a873d6d7620e15683871d07', u'f891de45323de34750a803ea4dc731094d90341f', u'c4c32b4dcf576d3341619183f1c851fd93586430', u'09db64d9ff0d0dd046365f94b519e1a5d4a8fd9b'];28/08/15 23:56;07/02/13 00:20;932;50;com.facebook.presto.cli.Query.pageOutput;5748;FALSE;d1150d2536085a92307dd5b88a34f319;Extract Method;[u'com.facebook.presto.cli.Query.pageOutput', u'com.facebook.presto.cli.Query', u'com.facebook.presto.cli.Query.pageOutput', u'com.facebook.presto.cli.Query.withKeepalive', u'com.facebook.presto.cli.Query'];987;inserted
functional;4471;85446dd60751409efa569aac759a788067e3da40;ddd2fed104cd6ec777522351a61a84e9274b7ff3;[u'74f1f175d5d0bd67eb4befb3190ff351893ca0f2', u'ce7db49cb5fb4117747d5841099364fd5efe5a14', u'e7fd80b624acf4b03e52a77265564564bbfac204', u'0b122975c5a8c462c827a70a805ee160ddf2a23e', u'2a110b0f7e5b8f3e7aa1456ae4ca7a9923ed0dae', u'4f44780f16228fba7ce43eba8f99ab4156f99902', u'5711bbeba9820884bc8ee6222b905f34bd9a6f0f', u'b14fb26d73bb9180e90b82cfe225a0aca4b9f424'];28/12/15 11:09;12/12/14 16:49;380;8;com.facebook.presto.sql.planner.TestDomainTranslator.testFromBasicComparisonsWithNulls;6623;FALSE;8f6a7af08916f89040b99d25cb5b82eb;Extract Method;[u'com.facebook.presto.sql.planner.TestDomainTranslator.testFromBasicComparisonsWithNulls', u'com.facebook.presto.sql.planner.TestDomainTranslator', u'com.facebook.presto.sql.planner.TestDomainTranslator.fromPredicate', u'com.facebook.presto.sql.planner.TestDomainTranslator.testFromBasicComparisonsWithNulls', u'com.facebook.presto.sql.planner.TestDomainTranslator'];4144;inserted
;1084;6082756f91ee4a673980e13120c5ad46275eb60c;5d1cc4ab6da455730a334b572d95743893ef22a5;[u'd71366d239b6e518a6fbc5ec88e86c44ced70120', u'6082756f91ee4a673980e13120c5ad46275eb60c', u'285cc0a1a49c0f6a01ee814d62c84d136bbd8d1a', u'85be779b1137a1f5a9152f2b6c767dd913961e99', u'1703a05a2c6861d95b5b8116b48e6a4c04f48dcf', u'0508afd75e7dda82e828851f9bf8eef82b38ea9c', u'b79e5eb51c99f3673622059d3e17488686f8f8e5', u'851b3524ae2447f70ce9285ac8cfaef9cd09c6ba', u'f4a7b710be7ca4de11019753f1ba5282be62ba53'];10/02/14 23:54;22/09/13 18:06;141;9;com.facebook.presto.operator.Driver.isFinished;2405;FALSE;b95d3acaeddfc3113d1edf0097a35db4;Extract Method;[u'com.facebook.presto.operator.Driver', u'com.facebook.presto.operator.Driver.isFinished', u'com.facebook.presto.operator.Driver', u'com.facebook.presto.operator.Driver.isFinished', u'com.facebook.presto.operator.Driver.close'];2014;inserted
;5516;ddae98546c7ee82b9d46a13457f93412ee978d9d;373c745b30b2db1e96eef844096b3620a11a84c7;[u'cb87c982bb2824ab726f5d9bd84b7021f966adaa', u'373c745b30b2db1e96eef844096b3620a11a84c7', u'6ba1423fbe3a7e0ac783283d7dfb9dd4a4a6e24f', u'28fe1b962dd767878b0ee8d15eedbdaa9ba50bf8'];04/06/16 20:12;01/06/16 21:47;2;4;com.facebook.presto.spi.block.AbstractInterleavedBlock.getRegion;7699;FALSE;4682e9d675f876746ff8b3a093aeaabc;Extract Method;[u'com.facebook.presto.spi.block.AbstractInterleavedBlock.getRegion', u'com.facebook.presto.spi.block.AbstractInterleavedBlock', u'com.facebook.presto.spi.block.AbstractInterleavedBlock.getRegionAlwaysReturnInterleavedBlock', u'com.facebook.presto.spi.block.AbstractInterleavedBlock', u'com.facebook.presto.spi.block.AbstractInterleavedBlock.getRegion'];7690;inserted
;5516;ddae98546c7ee82b9d46a13457f93412ee978d9d;3536c3441fffef223381f74f0165769db21231c9;[u'ddae98546c7ee82b9d46a13457f93412ee978d9d'];04/06/16 20:12;04/06/16 19:41;0;1;com.facebook.presto.block.TestInterleavedBlock.assertBlockPosition;7699;FALSE;e528d350ed58ce31ab7d1cf1c5fbb023;Extract Method;[u'com.facebook.presto.block.TestInterleavedBlock', u'com.facebook.presto.block.TestInterleavedBlock.assertBlockPosition', u'com.facebook.presto.block.TestInterleavedBlock', u'com.facebook.presto.block.TestInterleavedBlock.assertInterleavedPosition', u'com.facebook.presto.block.TestInterleavedBlock.assertBlockPosition'];7698;inserted
;5267;3847d03a4ac7e7f4e52bca451ddb5089a7402072;9c1fe4baca4d3a25ecbfc8f64b863c2ce6251ffe;[u'e1b23f1da3c1c6174cb02cea24f7efc59d8788b7', u'6d43fa69683fda97c612edffabf1ffeff28faeb7', u'85446dd60751409efa569aac759a788067e3da40', u'd725e4c654270636bc7de92cc6d74683b1de29fe', u'e468a287edfcabd8baff1826a1bab953033e1bd4', u'3bea458e30e79a3f9f05769ac4a43687ed0a8074', u'3847d03a4ac7e7f4e52bca451ddb5089a7402072', u'fd0a15d2e49ce4a01f3b8c8eea885c43cf17f418', u'7637afb1d32095ff797f665bf81e2712a02cf01f', u'93407d4529276fd437de5b7472c99100508c3f9e', u'5461239e4dcd9e37b8d30d6120ac604dee4d65bd', u'ce2ae58730e7a166034dbb96092a1b9997860c07'];21/04/16 04:38;19/11/15 19:28;153;12;com.facebook.presto.sql.planner.QueryPlanner.aggregate;7170;TRUE;3efdcbfc0dbed0df421496366e42e2cb;Extract Method;[u'com.facebook.presto.sql.planner.QueryPlanner.aggregate', u'com.facebook.presto.sql.planner.QueryPlanner', u'com.facebook.presto.sql.planner.QueryPlanner.aggregate', u'com.facebook.presto.sql.planner.QueryPlanner.aggregateGroupingSet', u'com.facebook.presto.sql.planner.QueryPlanner'];6169;inserted
;5267;3847d03a4ac7e7f4e52bca451ddb5089a7402072;e223a9e97515d63d8710b65428b35119021cd38f;[u'93407d4529276fd437de5b7472c99100508c3f9e', u'd725e4c654270636bc7de92cc6d74683b1de29fe', u'3847d03a4ac7e7f4e52bca451ddb5089a7402072', u'5461239e4dcd9e37b8d30d6120ac604dee4d65bd', u'fd0a15d2e49ce4a01f3b8c8eea885c43cf17f418', u'e1b23f1da3c1c6174cb02cea24f7efc59d8788b7'];21/04/16 04:38;04/03/16 02:05;48;6;com.facebook.presto.sql.planner.QueryPlanner.aggregate;7170;FALSE;d83156bf44b446481345e494b658480b;Inline Method;[u'com.facebook.presto.sql.planner.QueryPlanner.aggregateGroupingSet', u'com.facebook.presto.sql.planner.QueryPlanner.aggregate', u'com.facebook.presto.sql.planner.QueryPlanner', u'com.facebook.presto.sql.planner.QueryPlanner', u'com.facebook.presto.sql.planner.QueryPlanner.aggregate'];6852;inserted
;7443;42fd8bd5c1d9872ca915ee8d2808ee065efa2e19;46c5f900bcc46e5340101decda81c214a467ffe4;[u'7f4eaf7a112105d0fa735cb3d82b5be032a66eb3', u'fff0b1dab4c7cf89b593905d908b8fd136bfda3f', u'5220225c11761a3a60af6e23b917cda11cb1bc51', u'42fd8bd5c1d9872ca915ee8d2808ee065efa2e19', u'3645f74a59e0ce742d1b2582d7ba5d8d1f10cca3', u'd69ead6c3d7fc303bffdbeabc503d1a3713f13ce', u'4edc6ea6dc2ee43794889122d51652a8c88be5a8', u'57fdd630d3213d54481f13ff950805da9fe1666e', u'408aca43c2cb0a424218e6d837f75b490382716b', u'b7b62fc0e0b1df6723f78c6675ca3ff66552d180', u'd002796b0db2ca694609cfdc567e1934115ee65f', u'f07b95837981e5c86ea3fa2f3c281cca460435d8', u'ccccaa48223857d964c1226fe6efcbee102aebee', u'd4006a6474329dc9807e485e3f112b5514553562', u'633dc4a675df376e23f497dac4312540b5a336a5', u'599646f05bc3c2bad5a807dc2bf40333452ccec6', u'5374db4224e54080a2140a4b4bff847e3b9f3d7d', u'dd0674fbb81b4301ba96f9946ed91348658e0e78', u'6c6aabd2d1de32470ce1ddd625df0969190a25e0', u'0598341a0ffee2c920535b24c906ed0fa6b2978a', u'4a689007e6e0bf0bb276a4f72969b6668e1356d7', u'cfd8e21b3285d148e08710f1d6ec60b467b14dd3', u'99bba1a9cf6170b00456437b8f45b937fade6778', u'9194b787efb0baa99f57d8e6c2c0fa917e42f66e', u'4ee2b352d42437f9c85f190c55e44388d06b3d05', u'56247e3ac157865e6e413314e8bd2f411dd4ee92', u'c79cf625364447ee5aea18c141354d408fdd48aa', u'3157c1235bb33d0d5c0c6af77f445fdc01630154', u'f21145bfe426b884968b5d9bef800f71c50a6fdb', u'fb20289987f94d0c62f7425bf25b0828f9df3011', u'10a318c8708135d145f7aa48172dd9c6af7b9d50', u'6c67de2ab86c1c30ab6b5476e817235d599fa26e', u'37343bd00baaab04a461ef14f7ef88ad1693443b', u'97b02680d35f936f6886651d38ac8269165ed4d1', u'c9b57280fe091a202667681e93ca9c00245bbfee', u'd30def2681f40f349c0f0c416688189a63334de9', u'0b05bc0e8232c8ca0b37d4437d3da37a3dc11d85', u'b24ec8022c16b04be96866cf5777191406213d1e', u'fb3f53642d1fe00260b8f1d933744d52fba5a94d'];28/01/16 01:47;02/05/13 17:21;1000;39;com.facebook.presto.operator.ExchangeClient.scheduleRequestIfNecessary;6739;FALSE;b1d026793358304b45f8aff3f798263e;Extract Method;[u'com.facebook.presto.operator.ExchangeClient.scheduleRequestIfNecessary', u'com.facebook.presto.operator.ExchangeClient', u'com.facebook.presto.operator.ExchangeClient', u'com.facebook.presto.operator.ExchangeClient.scheduleRequestIfNecessary'];1426;inserted
;2060;37343bd00baaab04a461ef14f7ef88ad1693443b;599646f05bc3c2bad5a807dc2bf40333452ccec6;[u'b9e7063c4be4c75416c05505abb6b9a26c29be61', u'37343bd00baaab04a461ef14f7ef88ad1693443b', u'0b05bc0e8232c8ca0b37d4437d3da37a3dc11d85', u'3e0e84983694b34fd36be70ffe92591335f823ff', u'4552984efbab45411793e725f831188a0eb4ab0a', u'6c67de2ab86c1c30ab6b5476e817235d599fa26e', u'6cf02cbe032b05433d81b75f4f42a416121d4778', u'720b2b89e775f5a383cfa303714ad6eaf231db79', u'a585faeaa32629721b4fac712ed4d7ec0ee30256', u'21d3fbe0006f5606643482ad41b52b83c68c70b1', u'a58a53e360d5804d68f2f5b0254c0d625b5abcb6', u'e3b94b6ab4c29b8dddb99ce9fd2efa36e097d455', u'941cc84cd4ed30bc2f87c5e41bdd67cf3f5ba517', u'f21145bfe426b884968b5d9bef800f71c50a6fdb', u'2b8824caed73aba05388e2ee77101f18d07aee57', u'f9929d70efb00e3ec5e16e18f5d2136a57226bab'];18/09/14 19:26;17/05/13 21:32;488;16;com.facebook.presto.execution.SharedBuffer.addInternal;3521;FALSE;f0bd21a299b23270fc5971e528b47efb;Extract Method;[u'com.facebook.presto.execution.SharedBuffer', u'com.facebook.presto.execution.SharedBuffer.addInternal', u'com.facebook.presto.execution.SharedBuffer', u'com.facebook.presto.execution.SharedBuffer.addInternal', u'com.facebook.presto.execution.SharedBuffer.add'];1529;inserted
;4471;85446dd60751409efa569aac759a788067e3da40;ddd2fed104cd6ec777522351a61a84e9274b7ff3;[u'74f1f175d5d0bd67eb4befb3190ff351893ca0f2', u'ce7db49cb5fb4117747d5841099364fd5efe5a14', u'e7fd80b624acf4b03e52a77265564564bbfac204', u'0b122975c5a8c462c827a70a805ee160ddf2a23e', u'2a110b0f7e5b8f3e7aa1456ae4ca7a9923ed0dae', u'4f44780f16228fba7ce43eba8f99ab4156f99902', u'5711bbeba9820884bc8ee6222b905f34bd9a6f0f', u'b14fb26d73bb9180e90b82cfe225a0aca4b9f424'];28/12/15 11:09;12/12/14 16:49;380;8;com.facebook.presto.sql.planner.TestDomainTranslator.testFromBasicComparisonsWithNulls;6623;FALSE;8f6a7af08916f89040b99d25cb5b82eb;Extract Method;[u'com.facebook.presto.sql.planner.TestDomainTranslator.testFromBasicComparisonsWithNulls', u'com.facebook.presto.sql.planner.TestDomainTranslator', u'com.facebook.presto.sql.planner.TestDomainTranslator.fromPredicate', u'com.facebook.presto.sql.planner.TestDomainTranslator.testFromBasicComparisonsWithNulls', u'com.facebook.presto.sql.planner.TestDomainTranslator'];4144;inserted
;6901;1d14ed26eed928b9fc0ac275b542da16332cd2e6;9c1fe4baca4d3a25ecbfc8f64b863c2ce6251ffe;[u'6d43fa69683fda97c612edffabf1ffeff28faeb7', u'b9edeb19acf1420c029574398b365cb9cd10af45', u'93407d4529276fd437de5b7472c99100508c3f9e', u'd725e4c654270636bc7de92cc6d74683b1de29fe', u'e468a287edfcabd8baff1826a1bab953033e1bd4', u'8b010273d02ed8950b2ab47d7c435537219d3c77', u'fd0a15d2e49ce4a01f3b8c8eea885c43cf17f418', u'ce2ae58730e7a166034dbb96092a1b9997860c07', u'2f373cf471bc0baec0e8a3f98a113423fea42997', u'33c1fa4865c5ea0c11fb8b0f9b0ba4293869e332', u'3bea458e30e79a3f9f05769ac4a43687ed0a8074', u'3847d03a4ac7e7f4e52bca451ddb5089a7402072', u'9c7805483203d3888a6c0e7f7f3cda2cb239b35c', u'e1b23f1da3c1c6174cb02cea24f7efc59d8788b7', u'431c6296507f9db32cd6dcbb25a43f50b914c605', u'13bd42b001a21cf108e4b7068c63d549a843ab95', u'0a10c25a595c6df31ac50d7a35d0bd8440d71d79', u'00c741c2570db5fc015a0e78deadf76ccdbf2796', u'30340ae10cda4efb91ff57ff58583f78759b4b3d', u'85446dd60751409efa569aac759a788067e3da40', u'dbb15a69b5a8963398d82c679682b24216a5723f', u'b61946ae22ded11883a6a001b9df6ab02a386fca', u'9516a1672a9709db1afc0ccf3d5ff16c28726bdd', u'5461239e4dcd9e37b8d30d6120ac604dee4d65bd', u'7637afb1d32095ff797f665bf81e2712a02cf01f', u'b5d8bf55da276e55a7be4b43e5c275ea2eb21193', u'11305945244534ec9d9c3e8fee189b5eaa95d829'];13/07/16 01:04;19/11/15 19:28;236;27;com.facebook.presto.sql.planner.QueryPlanner.aggregate;7941;TRUE;3efdcbfc0dbed0df421496366e42e2cb;Extract Method;[u'com.facebook.presto.sql.planner.QueryPlanner.aggregate', u'com.facebook.presto.sql.planner.QueryPlanner', u'com.facebook.presto.sql.planner.QueryPlanner.aggregate', u'com.facebook.presto.sql.planner.QueryPlanner.aggregateGroupingSet', u'com.facebook.presto.sql.planner.QueryPlanner'];6169;inserted
;6901;1d14ed26eed928b9fc0ac275b542da16332cd2e6;e223a9e97515d63d8710b65428b35119021cd38f;[u'b61946ae22ded11883a6a001b9df6ab02a386fca', u'b9edeb19acf1420c029574398b365cb9cd10af45', u'30340ae10cda4efb91ff57ff58583f78759b4b3d', u'2f373cf471bc0baec0e8a3f98a113423fea42997', u'93407d4529276fd437de5b7472c99100508c3f9e', u'dbb15a69b5a8963398d82c679682b24216a5723f', u'd725e4c654270636bc7de92cc6d74683b1de29fe', u'9516a1672a9709db1afc0ccf3d5ff16c28726bdd', u'8b010273d02ed8950b2ab47d7c435537219d3c77', u'3847d03a4ac7e7f4e52bca451ddb5089a7402072', u'5461239e4dcd9e37b8d30d6120ac604dee4d65bd', u'9c7805483203d3888a6c0e7f7f3cda2cb239b35c', u'0a10c25a595c6df31ac50d7a35d0bd8440d71d79', u'b5d8bf55da276e55a7be4b43e5c275ea2eb21193', u'33c1fa4865c5ea0c11fb8b0f9b0ba4293869e332', u'431c6296507f9db32cd6dcbb25a43f50b914c605', u'11305945244534ec9d9c3e8fee189b5eaa95d829', u'fd0a15d2e49ce4a01f3b8c8eea885c43cf17f418', u'e1b23f1da3c1c6174cb02cea24f7efc59d8788b7', u'00c741c2570db5fc015a0e78deadf76ccdbf2796', u'13bd42b001a21cf108e4b7068c63d549a843ab95'];13/07/16 01:04;04/03/16 02:05;130;21;com.facebook.presto.sql.planner.QueryPlanner.aggregate;7941;FALSE;d83156bf44b446481345e494b658480b;Inline Method;[u'com.facebook.presto.sql.planner.QueryPlanner.aggregateGroupingSet', u'com.facebook.presto.sql.planner.QueryPlanner.aggregate', u'com.facebook.presto.sql.planner.QueryPlanner', u'com.facebook.presto.sql.planner.QueryPlanner', u'com.facebook.presto.sql.planner.QueryPlanner.aggregate'];6852;inserted
;6901;1d14ed26eed928b9fc0ac275b542da16332cd2e6;dfb85e1136c924f3779157964b9a43db2fe7a2ad;[u'6d43fa69683fda97c612edffabf1ffeff28faeb7', u'b9edeb19acf1420c029574398b365cb9cd10af45', u'93407d4529276fd437de5b7472c99100508c3f9e', u'd725e4c654270636bc7de92cc6d74683b1de29fe', u'e468a287edfcabd8baff1826a1bab953033e1bd4', u'8b010273d02ed8950b2ab47d7c435537219d3c77', u'fd0a15d2e49ce4a01f3b8c8eea885c43cf17f418', u'30340ae10cda4efb91ff57ff58583f78759b4b3d', u'33c1fa4865c5ea0c11fb8b0f9b0ba4293869e332', u'3bea458e30e79a3f9f05769ac4a43687ed0a8074', u'3847d03a4ac7e7f4e52bca451ddb5089a7402072', u'9c7805483203d3888a6c0e7f7f3cda2cb239b35c', u'e1b23f1da3c1c6174cb02cea24f7efc59d8788b7', u'431c6296507f9db32cd6dcbb25a43f50b914c605', u'13bd42b001a21cf108e4b7068c63d549a843ab95', u'0a10c25a595c6df31ac50d7a35d0bd8440d71d79', u'00c741c2570db5fc015a0e78deadf76ccdbf2796', u'2f373cf471bc0baec0e8a3f98a113423fea42997', u'85446dd60751409efa569aac759a788067e3da40', u'dbb15a69b5a8963398d82c679682b24216a5723f', u'b61946ae22ded11883a6a001b9df6ab02a386fca', u'9516a1672a9709db1afc0ccf3d5ff16c28726bdd', u'5461239e4dcd9e37b8d30d6120ac604dee4d65bd', u'7637afb1d32095ff797f665bf81e2712a02cf01f', u'b5d8bf55da276e55a7be4b43e5c275ea2eb21193', u'11305945244534ec9d9c3e8fee189b5eaa95d829'];13/07/16 01:04;21/12/15 07:35;204;26;com.facebook.presto.sql.planner.QueryPlanner.explicitCoercionSymbols;7941;FALSE;7f538612e400a83fedd8441eaf9cf965;Extract Method;[u'com.facebook.presto.sql.planner.QueryPlanner.explicitCoercionSymbols', u'com.facebook.presto.sql.planner.QueryPlanner', u'com.facebook.presto.sql.planner.QueryPlanner.explicitCoercionSymbols', u'com.facebook.presto.sql.planner.QueryPlanner', u'com.facebook.presto.sql.planner.QueryPlanner.copyTranslations'];6441;inserted
;6900;1d14ed26eed928b9fc0ac275b542da16332cd2e6;9c1fe4baca4d3a25ecbfc8f64b863c2ce6251ffe;[u'6d43fa69683fda97c612edffabf1ffeff28faeb7', u'b9edeb19acf1420c029574398b365cb9cd10af45', u'93407d4529276fd437de5b7472c99100508c3f9e', u'd725e4c654270636bc7de92cc6d74683b1de29fe', u'e468a287edfcabd8baff1826a1bab953033e1bd4', u'8b010273d02ed8950b2ab47d7c435537219d3c77', u'fd0a15d2e49ce4a01f3b8c8eea885c43cf17f418', u'ce2ae58730e7a166034dbb96092a1b9997860c07', u'2f373cf471bc0baec0e8a3f98a113423fea42997', u'33c1fa4865c5ea0c11fb8b0f9b0ba4293869e332', u'3bea458e30e79a3f9f05769ac4a43687ed0a8074', u'3847d03a4ac7e7f4e52bca451ddb5089a7402072', u'9c7805483203d3888a6c0e7f7f3cda2cb239b35c', u'e1b23f1da3c1c6174cb02cea24f7efc59d8788b7', u'431c6296507f9db32cd6dcbb25a43f50b914c605', u'13bd42b001a21cf108e4b7068c63d549a843ab95', u'0a10c25a595c6df31ac50d7a35d0bd8440d71d79', u'00c741c2570db5fc015a0e78deadf76ccdbf2796', u'30340ae10cda4efb91ff57ff58583f78759b4b3d', u'85446dd60751409efa569aac759a788067e3da40', u'dbb15a69b5a8963398d82c679682b24216a5723f', u'b61946ae22ded11883a6a001b9df6ab02a386fca', u'9516a1672a9709db1afc0ccf3d5ff16c28726bdd', u'5461239e4dcd9e37b8d30d6120ac604dee4d65bd', u'7637afb1d32095ff797f665bf81e2712a02cf01f', u'b5d8bf55da276e55a7be4b43e5c275ea2eb21193', u'11305945244534ec9d9c3e8fee189b5eaa95d829'];13/07/16 01:04;19/11/15 19:28;236;27;com.facebook.presto.sql.planner.QueryPlanner.aggregate;7941;TRUE;3efdcbfc0dbed0df421496366e42e2cb;Extract Method;[u'com.facebook.presto.sql.planner.QueryPlanner.aggregate', u'com.facebook.presto.sql.planner.QueryPlanner', u'com.facebook.presto.sql.planner.QueryPlanner.aggregate', u'com.facebook.presto.sql.planner.QueryPlanner.aggregateGroupingSet', u'com.facebook.presto.sql.planner.QueryPlanner'];6169;inserted
;6900;1d14ed26eed928b9fc0ac275b542da16332cd2e6;e223a9e97515d63d8710b65428b35119021cd38f;[u'b61946ae22ded11883a6a001b9df6ab02a386fca', u'b9edeb19acf1420c029574398b365cb9cd10af45', u'30340ae10cda4efb91ff57ff58583f78759b4b3d', u'2f373cf471bc0baec0e8a3f98a113423fea42997', u'93407d4529276fd437de5b7472c99100508c3f9e', u'dbb15a69b5a8963398d82c679682b24216a5723f', u'd725e4c654270636bc7de92cc6d74683b1de29fe', u'9516a1672a9709db1afc0ccf3d5ff16c28726bdd', u'8b010273d02ed8950b2ab47d7c435537219d3c77', u'3847d03a4ac7e7f4e52bca451ddb5089a7402072', u'5461239e4dcd9e37b8d30d6120ac604dee4d65bd', u'9c7805483203d3888a6c0e7f7f3cda2cb239b35c', u'0a10c25a595c6df31ac50d7a35d0bd8440d71d79', u'b5d8bf55da276e55a7be4b43e5c275ea2eb21193', u'33c1fa4865c5ea0c11fb8b0f9b0ba4293869e332', u'431c6296507f9db32cd6dcbb25a43f50b914c605', u'11305945244534ec9d9c3e8fee189b5eaa95d829', u'fd0a15d2e49ce4a01f3b8c8eea885c43cf17f418', u'e1b23f1da3c1c6174cb02cea24f7efc59d8788b7', u'00c741c2570db5fc015a0e78deadf76ccdbf2796', u'13bd42b001a21cf108e4b7068c63d549a843ab95'];13/07/16 01:04;04/03/16 02:05;130;21;com.facebook.presto.sql.planner.QueryPlanner.aggregate;7941;FALSE;d83156bf44b446481345e494b658480b;Inline Method;[u'com.facebook.presto.sql.planner.QueryPlanner.aggregateGroupingSet', u'com.facebook.presto.sql.planner.QueryPlanner.aggregate', u'com.facebook.presto.sql.planner.QueryPlanner', u'com.facebook.presto.sql.planner.QueryPlanner', u'com.facebook.presto.sql.planner.QueryPlanner.aggregate'];6852;inserted
;6900;1d14ed26eed928b9fc0ac275b542da16332cd2e6;dfb85e1136c924f3779157964b9a43db2fe7a2ad;[u'6d43fa69683fda97c612edffabf1ffeff28faeb7', u'b9edeb19acf1420c029574398b365cb9cd10af45', u'93407d4529276fd437de5b7472c99100508c3f9e', u'd725e4c654270636bc7de92cc6d74683b1de29fe', u'e468a287edfcabd8baff1826a1bab953033e1bd4', u'8b010273d02ed8950b2ab47d7c435537219d3c77', u'fd0a15d2e49ce4a01f3b8c8eea885c43cf17f418', u'30340ae10cda4efb91ff57ff58583f78759b4b3d', u'33c1fa4865c5ea0c11fb8b0f9b0ba4293869e332', u'3bea458e30e79a3f9f05769ac4a43687ed0a8074', u'3847d03a4ac7e7f4e52bca451ddb5089a7402072', u'9c7805483203d3888a6c0e7f7f3cda2cb239b35c', u'e1b23f1da3c1c6174cb02cea24f7efc59d8788b7', u'431c6296507f9db32cd6dcbb25a43f50b914c605', u'13bd42b001a21cf108e4b7068c63d549a843ab95', u'0a10c25a595c6df31ac50d7a35d0bd8440d71d79', u'00c741c2570db5fc015a0e78deadf76ccdbf2796', u'2f373cf471bc0baec0e8a3f98a113423fea42997', u'85446dd60751409efa569aac759a788067e3da40', u'dbb15a69b5a8963398d82c679682b24216a5723f', u'b61946ae22ded11883a6a001b9df6ab02a386fca', u'9516a1672a9709db1afc0ccf3d5ff16c28726bdd', u'5461239e4dcd9e37b8d30d6120ac604dee4d65bd', u'7637afb1d32095ff797f665bf81e2712a02cf01f', u'b5d8bf55da276e55a7be4b43e5c275ea2eb21193', u'11305945244534ec9d9c3e8fee189b5eaa95d829'];13/07/16 01:04;21/12/15 07:35;204;26;com.facebook.presto.sql.planner.QueryPlanner.explicitCoercionSymbols;7941;FALSE;7f538612e400a83fedd8441eaf9cf965;Extract Method;[u'com.facebook.presto.sql.planner.QueryPlanner.explicitCoercionSymbols', u'com.facebook.presto.sql.planner.QueryPlanner', u'com.facebook.presto.sql.planner.QueryPlanner.explicitCoercionSymbols', u'com.facebook.presto.sql.planner.QueryPlanner', u'com.facebook.presto.sql.planner.QueryPlanner.copyTranslations'];6441;inserted
;6066;343aff91b2290b438f6f91687e8fb4ccbc2997c7;8cd5fcb96101fc8218d62aad2bd571dac0d60c9a;[u'38fc84a3e187093b16178a6d54e2f76409571df9', u'd56e491885b9f2ac1a841084d0f05d74a7b2990e', u'523fa8eb08f74a30b993708390fc68b4e96d2316', u'13bd42b001a21cf108e4b7068c63d549a843ab95', u'1234592425732b8464cc6ba1608ebea614504e9d', u'ae0a1dadea341c006763acb28f52049ef6d5bfaf', u'15b98290808871e32eb3aca8bac2dea65a1d5361', u'5e1211636bcf4fd11c5dd414ac3b721abdb5bc4e', u'74f1f175d5d0bd67eb4befb3190ff351893ca0f2', u'72ce7a496615f07a671b9e2c9be092eea123791e', u'de8edd20807ae39c3ec5c184ae7373cdf1a3c400', u'f148a88ad2f13ee08dc1ca226031342266133d05', u'f1cc6265e52345f6f9ca3e261b91ad3653128db9', u'fa19eac9ac47f19d35f90a5a71ee9995516057c4', u'4e74609c9c8698bd101c7ec4a51ffc9afffd82f5', u'8c5fccbdf8b6b552dc8a1a1eca8abde67ad273ed', u'8cd5fcb96101fc8218d62aad2bd571dac0d60c9a', u'db975e4db9b5f575256106351f97fbb02aff2ea6', u'4ee2b352d42437f9c85f190c55e44388d06b3d05', u'5711bbeba9820884bc8ee6222b905f34bd9a6f0f', u'c79cf625364447ee5aea18c141354d408fdd48aa', u'aa477b2a86dba7004512abb2f6316fdf755636a5', u'f21145bfe426b884968b5d9bef800f71c50a6fdb', u'c6c2edd349ab563a3f4822cf6da9c30e4efc828a', u'ce7db49cb5fb4117747d5841099364fd5efe5a14', u'fe7d33fd2fc82a6f5fecde17e6555d32b1302f9d', u'834b7523c2c2efebcd75d7a7bd71c4c9fccd22f2', u'5e1aa987037117c4e6208c0709e3e7379434c338', u'0b122975c5a8c462c827a70a805ee160ddf2a23e', u'd308cf7e022271ebf869840185ac02871f5ce9ca', u'5b7278764c89c1823156c4bb71350fb0a9bede9e', u'ddfeb541dcf8be8cad3ec64be37c7406d2de366b'];05/07/16 10:35;18/07/13 01:58;1083;32;com.facebook.presto.sql.planner.EffectivePredicateExtractor.visitAggregation;7932;FALSE;aa3417b40f3359c6e93461905d51999c;Extract Method;[u'com.facebook.presto.sql.planner.EffectivePredicateExtractor', u'com.facebook.presto.sql.planner.EffectivePredicateExtractor.visitAggregation', u'com.facebook.presto.sql.planner.EffectivePredicateExtractor.visitAggregation', u'com.facebook.presto.sql.planner.EffectivePredicateExtractor', u'com.facebook.presto.sql.planner.EffectivePredicateExtractor.pullExpressionThroughSymbols'];1848;inserted
;6066;343aff91b2290b438f6f91687e8fb4ccbc2997c7;9c1fe4baca4d3a25ecbfc8f64b863c2ce6251ffe;[u'6d43fa69683fda97c612edffabf1ffeff28faeb7', u'b9edeb19acf1420c029574398b365cb9cd10af45', u'93407d4529276fd437de5b7472c99100508c3f9e', u'd725e4c654270636bc7de92cc6d74683b1de29fe', u'e468a287edfcabd8baff1826a1bab953033e1bd4', u'8b010273d02ed8950b2ab47d7c435537219d3c77', u'fd0a15d2e49ce4a01f3b8c8eea885c43cf17f418', u'ce2ae58730e7a166034dbb96092a1b9997860c07', u'2f373cf471bc0baec0e8a3f98a113423fea42997', u'33c1fa4865c5ea0c11fb8b0f9b0ba4293869e332', u'3bea458e30e79a3f9f05769ac4a43687ed0a8074', u'3847d03a4ac7e7f4e52bca451ddb5089a7402072', u'9c7805483203d3888a6c0e7f7f3cda2cb239b35c', u'e1b23f1da3c1c6174cb02cea24f7efc59d8788b7', u'431c6296507f9db32cd6dcbb25a43f50b914c605', u'13bd42b001a21cf108e4b7068c63d549a843ab95', u'0a10c25a595c6df31ac50d7a35d0bd8440d71d79', u'00c741c2570db5fc015a0e78deadf76ccdbf2796', u'30340ae10cda4efb91ff57ff58583f78759b4b3d', u'85446dd60751409efa569aac759a788067e3da40', u'dbb15a69b5a8963398d82c679682b24216a5723f', u'b61946ae22ded11883a6a001b9df6ab02a386fca', u'9516a1672a9709db1afc0ccf3d5ff16c28726bdd', u'5461239e4dcd9e37b8d30d6120ac604dee4d65bd', u'7637afb1d32095ff797f665bf81e2712a02cf01f', u'b5d8bf55da276e55a7be4b43e5c275ea2eb21193', u'11305945244534ec9d9c3e8fee189b5eaa95d829'];05/07/16 10:35;19/11/15 19:28;228;27;com.facebook.presto.sql.planner.QueryPlanner.aggregate;7932;TRUE;3efdcbfc0dbed0df421496366e42e2cb;Extract Method;[u'com.facebook.presto.sql.planner.QueryPlanner.aggregate', u'com.facebook.presto.sql.planner.QueryPlanner', u'com.facebook.presto.sql.planner.QueryPlanner.aggregate', u'com.facebook.presto.sql.planner.QueryPlanner.aggregateGroupingSet', u'com.facebook.presto.sql.planner.QueryPlanner'];6169;inserted
;6066;343aff91b2290b438f6f91687e8fb4ccbc2997c7;e223a9e97515d63d8710b65428b35119021cd38f;[u'b61946ae22ded11883a6a001b9df6ab02a386fca', u'b9edeb19acf1420c029574398b365cb9cd10af45', u'30340ae10cda4efb91ff57ff58583f78759b4b3d', u'2f373cf471bc0baec0e8a3f98a113423fea42997', u'93407d4529276fd437de5b7472c99100508c3f9e', u'dbb15a69b5a8963398d82c679682b24216a5723f', u'd725e4c654270636bc7de92cc6d74683b1de29fe', u'9516a1672a9709db1afc0ccf3d5ff16c28726bdd', u'8b010273d02ed8950b2ab47d7c435537219d3c77', u'3847d03a4ac7e7f4e52bca451ddb5089a7402072', u'5461239e4dcd9e37b8d30d6120ac604dee4d65bd', u'9c7805483203d3888a6c0e7f7f3cda2cb239b35c', u'0a10c25a595c6df31ac50d7a35d0bd8440d71d79', u'b5d8bf55da276e55a7be4b43e5c275ea2eb21193', u'33c1fa4865c5ea0c11fb8b0f9b0ba4293869e332', u'431c6296507f9db32cd6dcbb25a43f50b914c605', u'11305945244534ec9d9c3e8fee189b5eaa95d829', u'fd0a15d2e49ce4a01f3b8c8eea885c43cf17f418', u'e1b23f1da3c1c6174cb02cea24f7efc59d8788b7', u'00c741c2570db5fc015a0e78deadf76ccdbf2796', u'13bd42b001a21cf108e4b7068c63d549a843ab95'];05/07/16 10:35;04/03/16 02:05;123;21;com.facebook.presto.sql.planner.QueryPlanner.aggregate;7932;FALSE;d83156bf44b446481345e494b658480b;Inline Method;[u'com.facebook.presto.sql.planner.QueryPlanner.aggregateGroupingSet', u'com.facebook.presto.sql.planner.QueryPlanner.aggregate', u'com.facebook.presto.sql.planner.QueryPlanner', u'com.facebook.presto.sql.planner.QueryPlanner', u'com.facebook.presto.sql.planner.QueryPlanner.aggregate'];6852;inserted
;3666;def1f5a3ba5263f84ba3ce3c6ebd0ad7e930974a;bd4d914db5e912f3cce61dbf89e3ec267a0a8716;[u'53aa95597b8fb9ac66e7d062c462a8145043a43b', u'cf98bbe1be73771f6f61355718978bab30aa6798', u'f21145bfe426b884968b5d9bef800f71c50a6fdb', u'5837d6cdd8ec7b41e71ef7309251fe8398633bec', u'33601e0ee1567a917b74edc11e2d7c0e815b9c01', u'accb470c1e9f8535ad933dacaab5f47bf2d1fce8', u'48dfe936e8fd9b7521da59de9b77c6de5126cc34', u'd9c14802ae7a978b284e4b701c498da3c582c984', u'bb9d7435df36a0e5189e9abfdf3bf8f9a1065d6f', u'8bcef278a4106da783f4b4565d2b3344ba09a538', u'5f7ea497677bcbdc0617ee8d4e852d7e7803a191', u'05a8c7600c1cc7fc146f183fbef64c9359d73ce8', u'c2bee319292e1ab4d094b1ddb035d302958d2186', u'ddaef75fc8bd118187b1c2d61b0f2232a42630f8', u'def1f5a3ba5263f84ba3ce3c6ebd0ad7e930974a', u'2999855a06d17efed5c71c051fa4ab8860a69f30', u'3b0e5ccc430c5ae4187e6139535c32cc17bb2a2b', u'20b94763305828df9ce60597e02f4f5f7a81ec92', u'f49c44f88fa31b6df990638523444b59c35fef84', u'706e96f9769a4b3ffc1c45be06708226e139a534', u'99edf9e09267fb9ee9f6381da657d2daf8749cc7', u'efd8f10c07b08508afd95f77384f68303f656ed4', u'25e4ccc789c89c88ec4206e95738f5a5e52b8704', u'c8e5230e8194fe6517fbc93f1f4d5e999bbc58a8', u'2cccdcdaec8e87779b36d00b91f20029fe1e78dc', u'0cd709042cc74009c838ce88da29593078006c9b', u'677476177db953bffaa20ba92f3f554559dc8fae', u'a8666f4c35b017e2c83b56a8239b8535420fa2a1', u'0af520734e6e1d2f3263d98a5fb1311c942b5744', u'4ee2b352d42437f9c85f190c55e44388d06b3d05', u'17b74dd46b9598d7d8bc282682e0ac030bbfa306', u'140f828e4c45758fc86ce2ef3960ba74ad38e813', u'c153d2a4fa82ef5e84f87c2c1318114721841cee', u'87d30580c831f51d0089ab45607c2ca9ab08cfd6', u'81c55acd4100d57f825fce634af19191fec6676e', u'4bcf757f94474ea232667b7f36c38142f3b9273c', u'70dd707d179f9717742a2431fb47f38faa5a841a', u'c1e3a48271daf5bcab9e8da5f0967a4442b7560c', u'32cd6700c31dea7cbfd4165496770277959ceedc', u'6c67de2ab86c1c30ab6b5476e817235d599fa26e', u'afe0ebe918e3059e061f1cebdc1d79fd3b7442b9', u'3cd265aded918aa8651504b21f5629570f9c5805', u'254a2063c927dc1af4731b8c1274009cc279a9a6', u'bfab081dba47c50c99a60683663aae7e2c69757b', u'bd69a851810a4e73fc0beaef64d21dea5104cd9d', u'93f7d9eebf511172d1e9b5b151d5c51131d4e169', u'f920e4bee2ab27d6a7b898aace573d21cb64edaa', u'4a50ba8fab79a51fd292401e2770282c82137165', u'818ea905bb6254a08c6ccb2a525d8c2d513421a0', u'4aee64d140b0b3cefd97d28bf5dd4a6b50b3e3c6', u'e1dcfd68db1e7e190b0207c09aeb5ae546accb9a', u'74d73f1539828524506fccd2ca09e7634fe8f892'];16/09/15 14:24;09/12/12 21:00;1010;52;com.facebook.presto.cli.StatusPrinter.printInitialStatusUpdates;5758;FALSE;05842253c6a5c4987c0b525c1fbff114;Extract Method;[u'com.facebook.presto.cli.StatusPrinter', u'com.facebook.presto.cli.StatusPrinter.printInitialStatusUpdates', u'com.facebook.presto.cli.StatusPrinter.hideCursor', u'com.facebook.presto.cli.StatusPrinter.printInitialStatusUpdates', u'com.facebook.presto.cli.StatusPrinter'];649;inserted
;3666;def1f5a3ba5263f84ba3ce3c6ebd0ad7e930974a;bd4d914db5e912f3cce61dbf89e3ec267a0a8716;[u'53aa95597b8fb9ac66e7d062c462a8145043a43b', u'cf98bbe1be73771f6f61355718978bab30aa6798', u'f21145bfe426b884968b5d9bef800f71c50a6fdb', u'5837d6cdd8ec7b41e71ef7309251fe8398633bec', u'33601e0ee1567a917b74edc11e2d7c0e815b9c01', u'accb470c1e9f8535ad933dacaab5f47bf2d1fce8', u'48dfe936e8fd9b7521da59de9b77c6de5126cc34', u'd9c14802ae7a978b284e4b701c498da3c582c984', u'bb9d7435df36a0e5189e9abfdf3bf8f9a1065d6f', u'8bcef278a4106da783f4b4565d2b3344ba09a538', u'5f7ea497677bcbdc0617ee8d4e852d7e7803a191', u'05a8c7600c1cc7fc146f183fbef64c9359d73ce8', u'c2bee319292e1ab4d094b1ddb035d302958d2186', u'ddaef75fc8bd118187b1c2d61b0f2232a42630f8', u'def1f5a3ba5263f84ba3ce3c6ebd0ad7e930974a', u'2999855a06d17efed5c71c051fa4ab8860a69f30', u'3b0e5ccc430c5ae4187e6139535c32cc17bb2a2b', u'20b94763305828df9ce60597e02f4f5f7a81ec92', u'f49c44f88fa31b6df990638523444b59c35fef84', u'706e96f9769a4b3ffc1c45be06708226e139a534', u'99edf9e09267fb9ee9f6381da657d2daf8749cc7', u'efd8f10c07b08508afd95f77384f68303f656ed4', u'25e4ccc789c89c88ec4206e95738f5a5e52b8704', u'c8e5230e8194fe6517fbc93f1f4d5e999bbc58a8', u'2cccdcdaec8e87779b36d00b91f20029fe1e78dc', u'0cd709042cc74009c838ce88da29593078006c9b', u'677476177db953bffaa20ba92f3f554559dc8fae', u'a8666f4c35b017e2c83b56a8239b8535420fa2a1', u'0af520734e6e1d2f3263d98a5fb1311c942b5744', u'4ee2b352d42437f9c85f190c55e44388d06b3d05', u'17b74dd46b9598d7d8bc282682e0ac030bbfa306', u'140f828e4c45758fc86ce2ef3960ba74ad38e813', u'c153d2a4fa82ef5e84f87c2c1318114721841cee', u'87d30580c831f51d0089ab45607c2ca9ab08cfd6', u'81c55acd4100d57f825fce634af19191fec6676e', u'4bcf757f94474ea232667b7f36c38142f3b9273c', u'70dd707d179f9717742a2431fb47f38faa5a841a', u'c1e3a48271daf5bcab9e8da5f0967a4442b7560c', u'32cd6700c31dea7cbfd4165496770277959ceedc', u'6c67de2ab86c1c30ab6b5476e817235d599fa26e', u'afe0ebe918e3059e061f1cebdc1d79fd3b7442b9', u'3cd265aded918aa8651504b21f5629570f9c5805', u'254a2063c927dc1af4731b8c1274009cc279a9a6', u'bfab081dba47c50c99a60683663aae7e2c69757b', u'bd69a851810a4e73fc0beaef64d21dea5104cd9d', u'93f7d9eebf511172d1e9b5b151d5c51131d4e169', u'f920e4bee2ab27d6a7b898aace573d21cb64edaa', u'4a50ba8fab79a51fd292401e2770282c82137165', u'818ea905bb6254a08c6ccb2a525d8c2d513421a0', u'4aee64d140b0b3cefd97d28bf5dd4a6b50b3e3c6', u'e1dcfd68db1e7e190b0207c09aeb5ae546accb9a', u'74d73f1539828524506fccd2ca09e7634fe8f892'];16/09/15 14:24;09/12/12 21:00;1010;52;com.facebook.presto.cli.StatusPrinter.printInitialStatusUpdates;5758;FALSE;c14828bc85aa18d74912a524a0b25236;Extract Method;[u'com.facebook.presto.cli.StatusPrinter.printInitialStatusUpdates', u'com.facebook.presto.cli.StatusPrinter', u'com.facebook.presto.cli.StatusPrinter.resetScreen', u'com.facebook.presto.cli.StatusPrinter.printInitialStatusUpdates', u'com.facebook.presto.cli.StatusPrinter'];649;inserted
;4190;0516550004c35ff91c7581bb480ac80a49a05167;1b72057ecf6bfa40321b531c9473e446e31dae82;[u'879bea00b49f36ffb055ee58dffe3f050699b89a', u'f07b95837981e5c86ea3fa2f3c281cca460435d8', u'1aec23126a6f4f51e8e331be9bdc3043b5671280', u'b9b6a310a7228bcae6908e20379e20cd6a1648f7', u'515f9c93b76ce101cfc564104dbbe0984048f2ea', u'39ba46b44a3385f9545f78a4ba2ec046e528e952', u'4a55f9b003ac3cb47d081020ee5ce01918daf856', u'5dbcd71cf2ce9261aa407e2f966c4ffd2ccbdebc', u'1cdc9cab9801391d292b5ec107f37ec9a2625332', u'2ac2286616193949a648728e272f7f95353be45e', u'c1895a8bb4d9e0afa8bbbc53ce2e073d2dd1a160', u'0516550004c35ff91c7581bb480ac80a49a05167', u'e2d1876096ceee3cbe248c9f5b3e94f651105337', u'441dda47903daa233b516664342486a14f8abbb5', u'24191c4dbe520ca08503ba022b96e23306f7dce1', u'c1baa75cdcb6d6b1fe578d1d794bb4ead36900d4'];11/12/15 19:03;01/09/15 17:33;101;16;com.facebook.presto.server.HttpRemoteTask.abort;6319;FALSE;3da930a4fe7cf6210776e5ceb002e219;Extract Method;[u'com.facebook.presto.server.HttpRemoteTask.abort', u'com.facebook.presto.server.HttpRemoteTask', u'com.facebook.presto.server.HttpRemoteTask.abort', u'com.facebook.presto.server.HttpRemoteTask.scheduleAsyncCleanupRequest', u'com.facebook.presto.server.HttpRemoteTask'];5663;inserted
;3654;a243254462954b207fc85fd0940137e7e12e46a3;07e78987dec06decea2760c48e67e2f1be8617ce;[u'0f218f6942d251a3a11c6384a97d87b3c98243dd', u'07105cd9366e4b9f1856d9df96aa0bc1184649e6', u'7cb41867ef74d8a95f6d014c5ae3af3e26fe0b66', u'84a1c85988d3c6115dc1387b47feb84c75d7c1eb', u'9e09dae1686769b6e660cd6b8ec9a62ab35e9acd', u'd58caea92031fd5cdd8b9f2620c7619c372bc148', u'0ab67c7c36ce5157f8f56537839cca04bc791004', u'a4d74210302192bb6326a7653610c9b727a02e94', u'c2f07c86d2be63769e43c847d2aec5d0f32fd927', u'6f1e16595ca48ae1f9681c427555a730237dfcd6', u'1e1ec95117cf4701f3df2530aaf7a7c4627599f3', u'dca2eddf5c4f259301b424fd274fcccf92723be4', u'2a9dd14c83c0279a5343bb3eb5fa576bd288f510', u'181ee43b66990ac8b78d63f248d2165fe799085e', u'042f8e19703285b110f0a7d396110281b281c4e9', u'f07b95837981e5c86ea3fa2f3c281cca460435d8', u'3715be85ef5f5886efceddcbc3fb89131d6f72fc', u'1682016dd6c87936191d661ff5a524d0f3961610', u'dbba36acd01bbfbd38e74f74b6060044f4fffb88', u'6981e55d9f1add1e835cda7957ecdc8c054ae3f9', u'de21140f5ecc583fabdd3eb4b5da74ce27645644', u'17730b026899681557bddd78ecd57524f080aff3', u'17b74dd46b9598d7d8bc282682e0ac030bbfa306', u'743138e410228c29862624b548e02d019579a4f0', u'fca48c5c0df337611bf5aa81f47cc258850c99b0', u'0cd709042cc74009c838ce88da29593078006c9b', u'056b2397b3c5a8188bde55879f717e10282b422f', u'9194b787efb0baa99f57d8e6c2c0fa917e42f66e', u'bd69a851810a4e73fc0beaef64d21dea5104cd9d', u'9f7e5056172c0258220bcfe0586fc595e392a398', u'f21145bfe426b884968b5d9bef800f71c50a6fdb', u'dc70ea5bf0619de3649752ec73ee4782a1343e8b', u'dd85bc7925dc4f100a1c77997516d905600e03da', u'87d30580c831f51d0089ab45607c2ca9ab08cfd6', u'8a791a7a071a2d3f28da62192f935f96367f9451', u'e88d541d8291bd0ce3c69b004d31c0ac1484f6cf', u'32cd6700c31dea7cbfd4165496770277959ceedc', u'613aeae613366ecfd0e5649f08c52dcc35ef7ea5', u'a243254462954b207fc85fd0940137e7e12e46a3', u'018d22e27d0ac053bdccd3d18f9ab846e7c87f4e', u'69914ed1a6fcc2ae2451a7aab618870c0f9e39b9', u'16776c233a27c49522ad563d1419af02b41cfe46', u'a1d31d196403155561081ebcf1c931271f975e1c', u'9dd1513442f915547b13d6fdac062dde63126f4e', u'f6335925eabe9bc0d0b67d9fc0a764c8d0f7c1a2', u'20b94763305828df9ce60597e02f4f5f7a81ec92', u'e2a714c3a9efc2680a873d6d7620e15683871d07', u'f891de45323de34750a803ea4dc731094d90341f', u'c4c32b4dcf576d3341619183f1c851fd93586430', u'09db64d9ff0d0dd046365f94b519e1a5d4a8fd9b'];28/08/15 23:56;07/02/13 00:20;932;50;com.facebook.presto.cli.Query.pageOutput;5748;FALSE;d1150d2536085a92307dd5b88a34f319;Extract Method;[u'com.facebook.presto.cli.Query.pageOutput', u'com.facebook.presto.cli.Query', u'com.facebook.presto.cli.Query.pageOutput', u'com.facebook.presto.cli.Query.withKeepalive', u'com.facebook.presto.cli.Query'];987;inserted
;5671;510dec35fb560845b64ee53adc6bb40a8ab266b9;b39f275eb47c1c7fb65c51f235d16121d1d16c95;[u'e4173aa5cef1222e9c515d7deab6503f8b5d59ba', u'bd7e12111ce58cf526b04a08fcf395e171ee9397', u'c5a2258b1d44255deb260e5c1a8dd350309068ff', u'eb3d13eb0b1ec96802d338bab9f069b124166512', u'b0f94c381f61465779f909ed6592dfcd8fdbd01a', u'd8e011b125325f041d2bca21faed1d9815246187', u'd4eb581cc99ad678cf5fbf1cb2315d5faddd260e', u'0e5b1da17e1d913863e33e9e73566f0cd98deec3', u'2519324af0a57a339de99e8169bbcded39fda8f5', u'20a25f25120a0ae139328681614407dc9baaed40', u'd6f5ef9a28cb7b6034821d6b387f69d04df29b57', u'47ddfcc6df2cb7a93ed038ae32857916de42e351', u'754775dc4b42ac741000a8c1e506b379b39e439e', u'3dbb3ba83dcbeed5faf490e34ebaed1398989f77', u'df13e4249b4267099875363c8cff83017b922081', u'613a0f168bfb452dd46e0a79e53a068a30d35662', u'2bcc7daeff24a8915047560e55638d05a09b856c', u'd9d1859b6c85d397f3a60be6f1c166ec953bb098', u'e461f0301023c130d50e5353cd5be0cb827366e7', u'91b932ae7474938d3300c1aa6ce43db3ba315c56', u'd02f9244869e70ca761c1dd593adea3b46fed108', u'fa99a479b7a477280d00f6b8c72614350ef669c5', u'88d3aa6ed02f6775e88e1e2376517f6c6aa49289', u'a20abd12dbb360d5269e63185b1056ae3b5909a7', u'341b71d3c59c5a75a9590a93c1f9d5a645f57681', u'c1185103c47a5545c662d911c5f39627662c7388', u'41705c6adca6ec0fbbb09de5927418f3f246cef4', u'3cecf7d33a4e8fd9cbf7f9882fccbb37d4b94173', u'47b57f8105653b0fafe927382877be184327823f', u'2d7ed346f07e07a639307fbdb753d67053f7cc46', u'b853b6cf8eda34c7b54054c5dd3f61628daf6fa8', u'3f11868c7a676a22de54568873d45257a003d573', u'1f11a9e104bebec7b53883dcb7d3882c27d3a3ae', u'd8511ae9cc16852faa380c3163ac2913b4edbc5c', u'e9f0f957df6edbd45c7c64540aaf286ea2eb447a', u'a633f0a41a7b3a4b759e4ee5d07d48569e9efb90', u'635c26a715c02b23463908b64121e5f045e6658a', u'fe57b7c6156f5d476782b1a426e3be81a74e4a0c', u'a868456e399a4802f1c3c9275c138d404a8f2177', u'fe02058590e439321c7a0625728c6c2f8d80e92a', u'7c808b6a92bc019eaebab83adbe7d137a6e3a8a7', u'6de2ee8b3600ea0ede301bd3891ad0edbbae2ac8', u'b5ff794cc1abad42fbb3029751826e866c8c4891', u'85446dd60751409efa569aac759a788067e3da40', u'0daae668786ccfd02a11de7555305a98b04507cd', u'4fa13ae409bd9d13e9e8a0abe950ff4c7d973453', u'396cb069220fc0c5927088cfa8014fe791d9bd3b', u'7beadecb0d85efc5e33bd0f7505d8c8347dd81dd', u'd074f2fc1204fbf3817c3f602299780c36d903b3', u'510dec35fb560845b64ee53adc6bb40a8ab266b9', u'be13ae3f79efb90e3d1832b21984edf45a73f3df', u'eb956847ce1b3fdf985eec1d71a954abfda1509e', u'265f1d99eb3e2d920e9e43360c7593ef282c583a', u'a28e1e1ebec07016f833e62fe7e1ed64b75bc888'];05/02/16 13:56;21/09/15 16:04;136;54;com.facebook.presto.metadata.FunctionRegistry.getScalarFunctionImplementation;7334;FALSE;402a82b66d30576d13825018824f27a7;Inline Method;[u'com.facebook.presto.metadata.FunctionRegistry', u'com.facebook.presto.metadata.FunctionRegistry.getMagicLiteralFunctionInfo', u'com.facebook.presto.metadata.FunctionRegistry.getScalarFunctionImplementation', u'com.facebook.presto.metadata.FunctionRegistry.getScalarFunctionImplementation', u'com.facebook.presto.metadata.FunctionRegistry'];5879;inserted
;5671;510dec35fb560845b64ee53adc6bb40a8ab266b9;046a96f5a6e398afba9f7271f7ef9c67f412a091;[u'e4173aa5cef1222e9c515d7deab6503f8b5d59ba', u'bd7e12111ce58cf526b04a08fcf395e171ee9397', u'c5a2258b1d44255deb260e5c1a8dd350309068ff', u'eb3d13eb0b1ec96802d338bab9f069b124166512', u'b0f94c381f61465779f909ed6592dfcd8fdbd01a', u'd8e011b125325f041d2bca21faed1d9815246187', u'd4eb581cc99ad678cf5fbf1cb2315d5faddd260e', u'0e5b1da17e1d913863e33e9e73566f0cd98deec3', u'2519324af0a57a339de99e8169bbcded39fda8f5', u'754775dc4b42ac741000a8c1e506b379b39e439e', u'47ddfcc6df2cb7a93ed038ae32857916de42e351', u'3dbb3ba83dcbeed5faf490e34ebaed1398989f77', u'df13e4249b4267099875363c8cff83017b922081', u'613a0f168bfb452dd46e0a79e53a068a30d35662', u'2bcc7daeff24a8915047560e55638d05a09b856c', u'd9d1859b6c85d397f3a60be6f1c166ec953bb098', u'e461f0301023c130d50e5353cd5be0cb827366e7', u'91b932ae7474938d3300c1aa6ce43db3ba315c56', u'd02f9244869e70ca761c1dd593adea3b46fed108', u'fa99a479b7a477280d00f6b8c72614350ef669c5', u'20a25f25120a0ae139328681614407dc9baaed40', u'a20abd12dbb360d5269e63185b1056ae3b5909a7', u'341b71d3c59c5a75a9590a93c1f9d5a645f57681', u'c1185103c47a5545c662d911c5f39627662c7388', u'41705c6adca6ec0fbbb09de5927418f3f246cef4', u'3cecf7d33a4e8fd9cbf7f9882fccbb37d4b94173', u'47b57f8105653b0fafe927382877be184327823f', u'2d7ed346f07e07a639307fbdb753d67053f7cc46', u'b853b6cf8eda34c7b54054c5dd3f61628daf6fa8', u'3f11868c7a676a22de54568873d45257a003d573', u'1f11a9e104bebec7b53883dcb7d3882c27d3a3ae', u'd8511ae9cc16852faa380c3163ac2913b4edbc5c', u'e9f0f957df6edbd45c7c64540aaf286ea2eb447a', u'a633f0a41a7b3a4b759e4ee5d07d48569e9efb90', u'88d3aa6ed02f6775e88e1e2376517f6c6aa49289', u'635c26a715c02b23463908b64121e5f045e6658a', u'fe57b7c6156f5d476782b1a426e3be81a74e4a0c', u'a868456e399a4802f1c3c9275c138d404a8f2177', u'fe02058590e439321c7a0625728c6c2f8d80e92a', u'7c808b6a92bc019eaebab83adbe7d137a6e3a8a7', u'6de2ee8b3600ea0ede301bd3891ad0edbbae2ac8', u'b5ff794cc1abad42fbb3029751826e866c8c4891', u'85446dd60751409efa569aac759a788067e3da40', u'0daae668786ccfd02a11de7555305a98b04507cd', u'4fa13ae409bd9d13e9e8a0abe950ff4c7d973453', u'396cb069220fc0c5927088cfa8014fe791d9bd3b', u'7beadecb0d85efc5e33bd0f7505d8c8347dd81dd', u'd074f2fc1204fbf3817c3f602299780c36d903b3', u'510dec35fb560845b64ee53adc6bb40a8ab266b9', u'be13ae3f79efb90e3d1832b21984edf45a73f3df', u'265f1d99eb3e2d920e9e43360c7593ef282c583a', u'a28e1e1ebec07016f833e62fe7e1ed64b75bc888'];05/02/16 13:56;30/10/15 17:26;97;52;com.facebook.presto.metadata.FunctionRegistry.getScalarFunctionImplementation;7334;FALSE;adbcb6ce078477998926f1a67bf74b92;Extract Method;[u'com.facebook.presto.metadata.FunctionRegistry', u'com.facebook.presto.metadata.FunctionRegistry.getScalarFunctionImplementation', u'com.facebook.presto.metadata.FunctionRegistry', u'com.facebook.presto.metadata.FunctionRegistry.getScalarFunctionImplementation', u'com.facebook.presto.metadata.FunctionRegistry.getRowFieldReference'];6091;inserted
;5671;510dec35fb560845b64ee53adc6bb40a8ab266b9;046a96f5a6e398afba9f7271f7ef9c67f412a091;[u'e4173aa5cef1222e9c515d7deab6503f8b5d59ba', u'bd7e12111ce58cf526b04a08fcf395e171ee9397', u'c5a2258b1d44255deb260e5c1a8dd350309068ff', u'eb3d13eb0b1ec96802d338bab9f069b124166512', u'b0f94c381f61465779f909ed6592dfcd8fdbd01a', u'd8e011b125325f041d2bca21faed1d9815246187', u'd4eb581cc99ad678cf5fbf1cb2315d5faddd260e', u'0e5b1da17e1d913863e33e9e73566f0cd98deec3', u'2519324af0a57a339de99e8169bbcded39fda8f5', u'754775dc4b42ac741000a8c1e506b379b39e439e', u'47ddfcc6df2cb7a93ed038ae32857916de42e351', u'3dbb3ba83dcbeed5faf490e34ebaed1398989f77', u'df13e4249b4267099875363c8cff83017b922081', u'613a0f168bfb452dd46e0a79e53a068a30d35662', u'2bcc7daeff24a8915047560e55638d05a09b856c', u'd9d1859b6c85d397f3a60be6f1c166ec953bb098', u'e461f0301023c130d50e5353cd5be0cb827366e7', u'91b932ae7474938d3300c1aa6ce43db3ba315c56', u'd02f9244869e70ca761c1dd593adea3b46fed108', u'fa99a479b7a477280d00f6b8c72614350ef669c5', u'20a25f25120a0ae139328681614407dc9baaed40', u'a20abd12dbb360d5269e63185b1056ae3b5909a7', u'341b71d3c59c5a75a9590a93c1f9d5a645f57681', u'c1185103c47a5545c662d911c5f39627662c7388', u'41705c6adca6ec0fbbb09de5927418f3f246cef4', u'3cecf7d33a4e8fd9cbf7f9882fccbb37d4b94173', u'47b57f8105653b0fafe927382877be184327823f', u'2d7ed346f07e07a639307fbdb753d67053f7cc46', u'b853b6cf8eda34c7b54054c5dd3f61628daf6fa8', u'3f11868c7a676a22de54568873d45257a003d573', u'1f11a9e104bebec7b53883dcb7d3882c27d3a3ae', u'd8511ae9cc16852faa380c3163ac2913b4edbc5c', u'e9f0f957df6edbd45c7c64540aaf286ea2eb447a', u'a633f0a41a7b3a4b759e4ee5d07d48569e9efb90', u'88d3aa6ed02f6775e88e1e2376517f6c6aa49289', u'635c26a715c02b23463908b64121e5f045e6658a', u'fe57b7c6156f5d476782b1a426e3be81a74e4a0c', u'a868456e399a4802f1c3c9275c138d404a8f2177', u'fe02058590e439321c7a0625728c6c2f8d80e92a', u'7c808b6a92bc019eaebab83adbe7d137a6e3a8a7', u'6de2ee8b3600ea0ede301bd3891ad0edbbae2ac8', u'b5ff794cc1abad42fbb3029751826e866c8c4891', u'85446dd60751409efa569aac759a788067e3da40', u'0daae668786ccfd02a11de7555305a98b04507cd', u'4fa13ae409bd9d13e9e8a0abe950ff4c7d973453', u'396cb069220fc0c5927088cfa8014fe791d9bd3b', u'7beadecb0d85efc5e33bd0f7505d8c8347dd81dd', u'd074f2fc1204fbf3817c3f602299780c36d903b3', u'510dec35fb560845b64ee53adc6bb40a8ab266b9', u'be13ae3f79efb90e3d1832b21984edf45a73f3df', u'265f1d99eb3e2d920e9e43360c7593ef282c583a', u'a28e1e1ebec07016f833e62fe7e1ed64b75bc888'];05/02/16 13:56;30/10/15 17:26;97;52;com.facebook.presto.metadata.FunctionRegistry.getScalarFunctionImplementation;7334;FALSE;317b520ca3685fca535cbcefb63881bc;Inline Method;[u'com.facebook.presto.metadata.FunctionRegistry', u'com.facebook.presto.metadata.FunctionRegistry.getExactFunction', u'com.facebook.presto.metadata.FunctionRegistry.getScalarFunctionImplementation', u'com.facebook.presto.metadata.FunctionRegistry.getScalarFunctionImplementation', u'com.facebook.presto.metadata.FunctionRegistry'];6091;inserted
;5671;510dec35fb560845b64ee53adc6bb40a8ab266b9;046a96f5a6e398afba9f7271f7ef9c67f412a091;[u'e4173aa5cef1222e9c515d7deab6503f8b5d59ba', u'bd7e12111ce58cf526b04a08fcf395e171ee9397', u'c5a2258b1d44255deb260e5c1a8dd350309068ff', u'eb3d13eb0b1ec96802d338bab9f069b124166512', u'b0f94c381f61465779f909ed6592dfcd8fdbd01a', u'd8e011b125325f041d2bca21faed1d9815246187', u'd4eb581cc99ad678cf5fbf1cb2315d5faddd260e', u'0e5b1da17e1d913863e33e9e73566f0cd98deec3', u'2519324af0a57a339de99e8169bbcded39fda8f5', u'754775dc4b42ac741000a8c1e506b379b39e439e', u'47ddfcc6df2cb7a93ed038ae32857916de42e351', u'3dbb3ba83dcbeed5faf490e34ebaed1398989f77', u'df13e4249b4267099875363c8cff83017b922081', u'613a0f168bfb452dd46e0a79e53a068a30d35662', u'2bcc7daeff24a8915047560e55638d05a09b856c', u'd9d1859b6c85d397f3a60be6f1c166ec953bb098', u'e461f0301023c130d50e5353cd5be0cb827366e7', u'91b932ae7474938d3300c1aa6ce43db3ba315c56', u'd02f9244869e70ca761c1dd593adea3b46fed108', u'fa99a479b7a477280d00f6b8c72614350ef669c5', u'20a25f25120a0ae139328681614407dc9baaed40', u'a20abd12dbb360d5269e63185b1056ae3b5909a7', u'341b71d3c59c5a75a9590a93c1f9d5a645f57681', u'c1185103c47a5545c662d911c5f39627662c7388', u'41705c6adca6ec0fbbb09de5927418f3f246cef4', u'3cecf7d33a4e8fd9cbf7f9882fccbb37d4b94173', u'47b57f8105653b0fafe927382877be184327823f', u'2d7ed346f07e07a639307fbdb753d67053f7cc46', u'b853b6cf8eda34c7b54054c5dd3f61628daf6fa8', u'3f11868c7a676a22de54568873d45257a003d573', u'1f11a9e104bebec7b53883dcb7d3882c27d3a3ae', u'd8511ae9cc16852faa380c3163ac2913b4edbc5c', u'e9f0f957df6edbd45c7c64540aaf286ea2eb447a', u'a633f0a41a7b3a4b759e4ee5d07d48569e9efb90', u'88d3aa6ed02f6775e88e1e2376517f6c6aa49289', u'635c26a715c02b23463908b64121e5f045e6658a', u'fe57b7c6156f5d476782b1a426e3be81a74e4a0c', u'a868456e399a4802f1c3c9275c138d404a8f2177', u'fe02058590e439321c7a0625728c6c2f8d80e92a', u'7c808b6a92bc019eaebab83adbe7d137a6e3a8a7', u'6de2ee8b3600ea0ede301bd3891ad0edbbae2ac8', u'b5ff794cc1abad42fbb3029751826e866c8c4891', u'85446dd60751409efa569aac759a788067e3da40', u'0daae668786ccfd02a11de7555305a98b04507cd', u'4fa13ae409bd9d13e9e8a0abe950ff4c7d973453', u'396cb069220fc0c5927088cfa8014fe791d9bd3b', u'7beadecb0d85efc5e33bd0f7505d8c8347dd81dd', u'd074f2fc1204fbf3817c3f602299780c36d903b3', u'510dec35fb560845b64ee53adc6bb40a8ab266b9', u'be13ae3f79efb90e3d1832b21984edf45a73f3df', u'265f1d99eb3e2d920e9e43360c7593ef282c583a', u'a28e1e1ebec07016f833e62fe7e1ed64b75bc888'];05/02/16 13:56;30/10/15 17:26;97;52;com.facebook.presto.metadata.FunctionRegistry.getScalarFunctionImplementation;7334;FALSE;a45b4b7526cc6c7a700f9651b505119e;Inline Method;[u'com.facebook.presto.metadata.FunctionRegistry.getRowFieldReferenceFunctionInfo', u'com.facebook.presto.metadata.FunctionRegistry', u'com.facebook.presto.metadata.FunctionRegistry.getScalarFunctionImplementation', u'com.facebook.presto.metadata.FunctionRegistry', u'com.facebook.presto.metadata.FunctionRegistry.getScalarFunctionImplementation'];6091;inserted
;6935;6f7e7702f6cbc2ae7039da612a6417fb323a35cb;87ed3f0782bb69527d5930e16596fd9f199a2f91;[u'85cdabb5abd5ff4b7e40d0e7a553dc0629994330', u'b6f698f102bfd95ceb3e0199d98fa39f438c19d0', u'b61946ae22ded11883a6a001b9df6ab02a386fca', u'6e696626467db267be776d63447ca7eac030a8af', u'2efe348af00922d2d1dd5c9ff2589b26f912c148', u'8c35026760ff9c8ba96df0a8e81542afd3e47b71', u'523fa8eb08f74a30b993708390fc68b4e96d2316', u'cf2ab19831fdef3d864a2d745b91e12ae6916a5c', u'022acebbe1473e43e9bfff1676995525016c502f', u'5e8a32bf27e6728d761f08d54d42f24ad6e86dd9', u'3533a98b7eb0d798afa844f8272b33d31b785236', u'e1b23f1da3c1c6174cb02cea24f7efc59d8788b7', u'fb63fcbb08c3ed3291d2e05ced7f5319b0ca2bd3', u'6030996a6ae0089bf6c4c1219116c1cdb4e5732d', u'e4f5bd6602d06b3556643eefa1044aa0d9f2fa31', u'b729921c0e9dff8d11ba1a4c0bd2e00806b45f9a', u'b19c887de0b5dcae66b57c8d60ada5c919a1ffc7', u'8364001f1df6625591555d17bc115f6a8231f718', u'b20ad9c0b91b63dfae0b973b80bed813a7e7f756', u'36280057dc2cea86e3cb49636775c0ec11ee2205', u'92ffc4607175e2dce75b34660db66ec0fec7c6a7', u'5711bbeba9820884bc8ee6222b905f34bd9a6f0f', u'e9bc15c646ee7666777f884dcbefc372095f1c90', u'27e5fb9d9558a0315831496539515154726d6156', u'ec364e3fdc7fa580fa4e7853f9f122b7962e5da5', u'87ed3f0782bb69527d5930e16596fd9f199a2f91', u'be22100e7fc45fe7f862359b13b7c37d4f7ee692', u'a7286488910d32d5b8d71c474fcee276fb60d1d3', u'c4b3c09b085effcaf7dfdf77e6c901198a28ad0d', u'd5e6f0eadd4c6866bb71e4039945c063ce3e588b', u'50e279c67c42b2de136a21b73c677e905a424b5a', u'1e6bffaf95221a8376d990f21e7b5adc9c276449', u'71ec17fd6b9cb68f9e3735261b5a613451c71b52', u'd168fe5b6bb8436b84e1134286b56da205f0bb99', u'4e74609c9c8698bd101c7ec4a51ffc9afffd82f5', u'b6633d3f98edc651fa357099f89503b6e8313b67', u'a502e0777c3c3442bb97e347497931ce82912e9f', u'8be4ccc8520b63f894d188afd8553aef3dc71a87', u'cc9fd708fff2c075a96caa87636cee431a114018', u'f1386339e23f62fa47c5a181930a1fb6274c1fb5', u'e33549d628baa5a8df29f369591e07b2a475cd62', u'd2b445a1a8eba63a4c9057141444417360724cf4', u'6f7e7702f6cbc2ae7039da612a6417fb323a35cb', u'e468a287edfcabd8baff1826a1bab953033e1bd4', u'9eecd1aec7671bd6bb02822c6943061853e3ed2b', u'e2b77fafcfb76a8de42b12d2c55768318db8f4f7', u'b128446e1c03b0233322f7716e2534936858ff75', u'5dbcd71cf2ce9261aa407e2f966c4ffd2ccbdebc', u'8969b6d710c8d20d6fb85beb11dedb0c567893e2', u'9cfe4c79a6aa230cc8560cb2fbbcb5da19dbaa1a', u'1376164ce3de09c555d9e370bbacf5cf293fe9a5', u'091077e198c52a9b72d1d27487614a071281889c', u'e8a5a9063cadb5c6b775ad22e2c7b0f31f17a317', u'7bdf3ff5faf3e0dce34b82271050a718cd9e157d', u'096c60f162a25b557c6c47601045f7340701fcae', u'7f77a9a68512313cb256d0b0a5e13f93d873d0ad', u'364f50274d4b4b83d40930c0d2c4d0e57fb34589', u'264c4fb16c791f3dd322b6cb6b834ef3760f997c', u'0f17fdf607c468b919bb261f8acf0549fa68d8f1', u'854a13ac5379600401fffd74a79b4c2c282875ba', u'35c075080ab1cf1815418e59d3d6b5e9fae90596', u'ede0059219008c732a79bcd754a30b1eac497c96', u'd741c5d67b1413cc469eb9a5d15287c819bac44f', u'0b122975c5a8c462c827a70a805ee160ddf2a23e', u'46531cd2963aa202c4f4c0e532045a6be072a4ab', u'b70ab6699009a5b2deb15ef184cb70c1693be9a5', u'11048642b1e6b0e35efefab9e4e693b09c8753f5', u'be6376f8df4c266e452220bacf55c302d340d1ae', u'd55f4ad942fb5dd3800ae190cb15b89776637945', u'68ecaeb4f863b64027ffe4a2a959bbdfb0f26d65', u'a3049f9625eedd0ac17aa36a936b689c7d8eb627', u'f0c192a7d7be220c020af4c940ddb367b6b0c5ae'];03/05/16 23:17;23/04/15 00:15;376;72;com.facebook.presto.sql.planner.optimizations.AddExchanges.Rewriter;7485;FALSE;c17709e3c4ec7f2c9146acfecc5e4e6d;Extract Method;[u'com.facebook.presto.sql.planner.optimizations.AddExchanges.Rewriter.planTableScan', u'com.facebook.presto.sql.planner.optimizations.AddExchanges.Rewriter', u'com.facebook.presto.sql.planner.optimizations.AddExchanges.Rewriter.layoutHasAllNeededOutputs', u'com.facebook.presto.sql.planner.optimizations.AddExchanges.Rewriter.planTableScan', u'com.facebook.presto.sql.planner.optimizations.AddExchanges.Rewriter'];4907;inserted
;6935;6f7e7702f6cbc2ae7039da612a6417fb323a35cb;60deb19d73712cf180f7e5ca983363444c23ff24;[u'85cdabb5abd5ff4b7e40d0e7a553dc0629994330', u'b6f698f102bfd95ceb3e0199d98fa39f438c19d0', u'b61946ae22ded11883a6a001b9df6ab02a386fca', u'6e696626467db267be776d63447ca7eac030a8af', u'2efe348af00922d2d1dd5c9ff2589b26f912c148', u'8c35026760ff9c8ba96df0a8e81542afd3e47b71', u'523fa8eb08f74a30b993708390fc68b4e96d2316', u'cf2ab19831fdef3d864a2d745b91e12ae6916a5c', u'022acebbe1473e43e9bfff1676995525016c502f', u'5e8a32bf27e6728d761f08d54d42f24ad6e86dd9', u'3533a98b7eb0d798afa844f8272b33d31b785236', u'e1b23f1da3c1c6174cb02cea24f7efc59d8788b7', u'fb63fcbb08c3ed3291d2e05ced7f5319b0ca2bd3', u'6030996a6ae0089bf6c4c1219116c1cdb4e5732d', u'e4f5bd6602d06b3556643eefa1044aa0d9f2fa31', u'b729921c0e9dff8d11ba1a4c0bd2e00806b45f9a', u'b19c887de0b5dcae66b57c8d60ada5c919a1ffc7', u'8364001f1df6625591555d17bc115f6a8231f718', u'60deb19d73712cf180f7e5ca983363444c23ff24', u'36280057dc2cea86e3cb49636775c0ec11ee2205', u'92ffc4607175e2dce75b34660db66ec0fec7c6a7', u'5711bbeba9820884bc8ee6222b905f34bd9a6f0f', u'e9bc15c646ee7666777f884dcbefc372095f1c90', u'27e5fb9d9558a0315831496539515154726d6156', u'b20ad9c0b91b63dfae0b973b80bed813a7e7f756', u'ec364e3fdc7fa580fa4e7853f9f122b7962e5da5', u'87ed3f0782bb69527d5930e16596fd9f199a2f91', u'be22100e7fc45fe7f862359b13b7c37d4f7ee692', u'a7286488910d32d5b8d71c474fcee276fb60d1d3', u'c4b3c09b085effcaf7dfdf77e6c901198a28ad0d', u'd5e6f0eadd4c6866bb71e4039945c063ce3e588b', u'50e279c67c42b2de136a21b73c677e905a424b5a', u'1e6bffaf95221a8376d990f21e7b5adc9c276449', u'71ec17fd6b9cb68f9e3735261b5a613451c71b52', u'd168fe5b6bb8436b84e1134286b56da205f0bb99', u'4e74609c9c8698bd101c7ec4a51ffc9afffd82f5', u'b6633d3f98edc651fa357099f89503b6e8313b67', u'a502e0777c3c3442bb97e347497931ce82912e9f', u'8be4ccc8520b63f894d188afd8553aef3dc71a87', u'cc9fd708fff2c075a96caa87636cee431a114018', u'f1386339e23f62fa47c5a181930a1fb6274c1fb5', u'e33549d628baa5a8df29f369591e07b2a475cd62', u'd2b445a1a8eba63a4c9057141444417360724cf4', u'6f7e7702f6cbc2ae7039da612a6417fb323a35cb', u'e468a287edfcabd8baff1826a1bab953033e1bd4', u'9eecd1aec7671bd6bb02822c6943061853e3ed2b', u'e2b77fafcfb76a8de42b12d2c55768318db8f4f7', u'b128446e1c03b0233322f7716e2534936858ff75', u'5dbcd71cf2ce9261aa407e2f966c4ffd2ccbdebc', u'8969b6d710c8d20d6fb85beb11dedb0c567893e2', u'9cfe4c79a6aa230cc8560cb2fbbcb5da19dbaa1a', u'1376164ce3de09c555d9e370bbacf5cf293fe9a5', u'091077e198c52a9b72d1d27487614a071281889c', u'e8a5a9063cadb5c6b775ad22e2c7b0f31f17a317', u'7bdf3ff5faf3e0dce34b82271050a718cd9e157d', u'096c60f162a25b557c6c47601045f7340701fcae', u'7f77a9a68512313cb256d0b0a5e13f93d873d0ad', u'364f50274d4b4b83d40930c0d2c4d0e57fb34589', u'264c4fb16c791f3dd322b6cb6b834ef3760f997c', u'0f17fdf607c468b919bb261f8acf0549fa68d8f1', u'854a13ac5379600401fffd74a79b4c2c282875ba', u'35c075080ab1cf1815418e59d3d6b5e9fae90596', u'ede0059219008c732a79bcd754a30b1eac497c96', u'd741c5d67b1413cc469eb9a5d15287c819bac44f', u'0b122975c5a8c462c827a70a805ee160ddf2a23e', u'46531cd2963aa202c4f4c0e532045a6be072a4ab', u'b70ab6699009a5b2deb15ef184cb70c1693be9a5', u'11048642b1e6b0e35efefab9e4e693b09c8753f5', u'be6376f8df4c266e452220bacf55c302d340d1ae', u'd55f4ad942fb5dd3800ae190cb15b89776637945', u'68ecaeb4f863b64027ffe4a2a959bbdfb0f26d65', u'a3049f9625eedd0ac17aa36a936b689c7d8eb627', u'f0c192a7d7be220c020af4c940ddb367b6b0c5ae'];03/05/16 23:17;22/04/15 09:03;377;73;com.facebook.presto.sql.planner.optimizations.AddExchanges.Rewriter;7485;FALSE;be3a95f28491aa8523737c07be5256ba;Inline Method;[u'com.facebook.presto.sql.planner.optimizations.AddExchanges.Rewriter', u'com.facebook.presto.sql.planner.optimizations.AddExchanges.Rewriter.planAggregation', u'com.facebook.presto.sql.planner.optimizations.AddExchanges.Rewriter.visitAggregation', u'com.facebook.presto.sql.planner.optimizations.AddExchanges.Rewriter', u'com.facebook.presto.sql.planner.optimizations.AddExchanges.Rewriter.visitAggregation'];4906;inserted
;6935;6f7e7702f6cbc2ae7039da612a6417fb323a35cb;6c52b0415a07f7d6e772a8400b92b5b238aefe0e;[u'85cdabb5abd5ff4b7e40d0e7a553dc0629994330', u'b6f698f102bfd95ceb3e0199d98fa39f438c19d0', u'718752ec7f5ff73a82c4fa676de0c0ece66339db', u'd2b445a1a8eba63a4c9057141444417360724cf4', u'6e696626467db267be776d63447ca7eac030a8af', u'd741c5d67b1413cc469eb9a5d15287c819bac44f', u'523fa8eb08f74a30b993708390fc68b4e96d2316', u'e8a5a9063cadb5c6b775ad22e2c7b0f31f17a317', u'cf2ab19831fdef3d864a2d745b91e12ae6916a5c', u'b61946ae22ded11883a6a001b9df6ab02a386fca', u'5e8a32bf27e6728d761f08d54d42f24ad6e86dd9', u'3533a98b7eb0d798afa844f8272b33d31b785236', u'e1b23f1da3c1c6174cb02cea24f7efc59d8788b7', u'a7286488910d32d5b8d71c474fcee276fb60d1d3', u'fb63fcbb08c3ed3291d2e05ced7f5319b0ca2bd3', u'6030996a6ae0089bf6c4c1219116c1cdb4e5732d', u'e4f5bd6602d06b3556643eefa1044aa0d9f2fa31', u'b729921c0e9dff8d11ba1a4c0bd2e00806b45f9a', u'f781a490d32977cc1c2b622722419174212ec4bb', u'8364001f1df6625591555d17bc115f6a8231f718', u'60deb19d73712cf180f7e5ca983363444c23ff24', u'c4b3c09b085effcaf7dfdf77e6c901198a28ad0d', u'36280057dc2cea86e3cb49636775c0ec11ee2205', u'92ffc4607175e2dce75b34660db66ec0fec7c6a7', u'74f1f175d5d0bd67eb4befb3190ff351893ca0f2', u'e9bc15c646ee7666777f884dcbefc372095f1c90', u'2efe348af00922d2d1dd5c9ff2589b26f912c148', u'27e5fb9d9558a0315831496539515154726d6156', u'b20ad9c0b91b63dfae0b973b80bed813a7e7f756', u'ec364e3fdc7fa580fa4e7853f9f122b7962e5da5', u'87ed3f0782bb69527d5930e16596fd9f199a2f91', u'264c4fb16c791f3dd322b6cb6b834ef3760f997c', u'be22100e7fc45fe7f862359b13b7c37d4f7ee692', u'c5a3bfc5e09b5f3d8e608302fe64d8f3c7485ce3', u'72ce7a496615f07a671b9e2c9be092eea123791e', u'd5e6f0eadd4c6866bb71e4039945c063ce3e588b', u'50e279c67c42b2de136a21b73c677e905a424b5a', u'1e6bffaf95221a8376d990f21e7b5adc9c276449', u'71ec17fd6b9cb68f9e3735261b5a613451c71b52', u'd168fe5b6bb8436b84e1134286b56da205f0bb99', u'4e74609c9c8698bd101c7ec4a51ffc9afffd82f5', u'b6633d3f98edc651fa357099f89503b6e8313b67', u'a502e0777c3c3442bb97e347497931ce82912e9f', u'e448df5a6b3b2b9bf194bafc1c5b55fa24ad61c7', u'8be4ccc8520b63f894d188afd8553aef3dc71a87', u'cc9fd708fff2c075a96caa87636cee431a114018', u'f1386339e23f62fa47c5a181930a1fb6274c1fb5', u'e33549d628baa5a8df29f369591e07b2a475cd62', u'11048642b1e6b0e35efefab9e4e693b09c8753f5', u'6f7e7702f6cbc2ae7039da612a6417fb323a35cb', u'e468a287edfcabd8baff1826a1bab953033e1bd4', u'9eecd1aec7671bd6bb02822c6943061853e3ed2b', u'e2b77fafcfb76a8de42b12d2c55768318db8f4f7', u'b128446e1c03b0233322f7716e2534936858ff75', u'5dbcd71cf2ce9261aa407e2f966c4ffd2ccbdebc', u'8969b6d710c8d20d6fb85beb11dedb0c567893e2', u'9cfe4c79a6aa230cc8560cb2fbbcb5da19dbaa1a', u'1376164ce3de09c555d9e370bbacf5cf293fe9a5', u'091077e198c52a9b72d1d27487614a071281889c', u'6d63a706b0f06cdab51f8bb8a497230df8919a3e', u'5711bbeba9820884bc8ee6222b905f34bd9a6f0f', u'022acebbe1473e43e9bfff1676995525016c502f', u'b19c887de0b5dcae66b57c8d60ada5c919a1ffc7', u'7bdf3ff5faf3e0dce34b82271050a718cd9e157d', u'096c60f162a25b557c6c47601045f7340701fcae', u'7f77a9a68512313cb256d0b0a5e13f93d873d0ad', u'364f50274d4b4b83d40930c0d2c4d0e57fb34589', u'cfb0d5dc98e07dfb768e58d528739c04eb0d2a36', u'0f17fdf607c468b919bb261f8acf0549fa68d8f1', u'854a13ac5379600401fffd74a79b4c2c282875ba', u'35c075080ab1cf1815418e59d3d6b5e9fae90596', u'ede0059219008c732a79bcd754a30b1eac497c96', u'8c35026760ff9c8ba96df0a8e81542afd3e47b71', u'f0c192a7d7be220c020af4c940ddb367b6b0c5ae', u'0b122975c5a8c462c827a70a805ee160ddf2a23e', u'be6815e2f4239c67011698739055eefff4cf1a75', u'b70ab6699009a5b2deb15ef184cb70c1693be9a5', u'38eeee2503edb0d4526c450063fcd4cd0645e216', u'be6376f8df4c266e452220bacf55c302d340d1ae', u'd55f4ad942fb5dd3800ae190cb15b89776637945', u'46531cd2963aa202c4f4c0e532045a6be072a4ab', u'68ecaeb4f863b64027ffe4a2a959bbdfb0f26d65', u'a3049f9625eedd0ac17aa36a936b689c7d8eb627', u'3ae1eed3238ed904e985105836e17368d96ebdf3'];03/05/16 23:17;14/04/15 04:05;385;84;com.facebook.presto.sql.planner.optimizations.AddExchanges.Rewriter;7485;FALSE;1608e4e49f883a8b92403f3bbb0104e1;Extract Method;[u'com.facebook.presto.sql.planner.optimizations.AddExchanges.Rewriter.visitAggregation', u'com.facebook.presto.sql.planner.optimizations.AddExchanges.Rewriter', u'com.facebook.presto.sql.planner.optimizations.AddExchanges.Rewriter.visitAggregation', u'com.facebook.presto.sql.planner.optimizations.AddExchanges.Rewriter.splitAggregation', u'com.facebook.presto.sql.planner.optimizations.AddExchanges.Rewriter'];4776;inserted
;6379;fe434cb1468f6f71a526786869d35334c7e28bc4;9c1fe4baca4d3a25ecbfc8f64b863c2ce6251ffe;[u'6d43fa69683fda97c612edffabf1ffeff28faeb7', u'b9edeb19acf1420c029574398b365cb9cd10af45', u'93407d4529276fd437de5b7472c99100508c3f9e', u'd725e4c654270636bc7de92cc6d74683b1de29fe', u'e468a287edfcabd8baff1826a1bab953033e1bd4', u'8b010273d02ed8950b2ab47d7c435537219d3c77', u'fd0a15d2e49ce4a01f3b8c8eea885c43cf17f418', u'ce2ae58730e7a166034dbb96092a1b9997860c07', u'2f373cf471bc0baec0e8a3f98a113423fea42997', u'33c1fa4865c5ea0c11fb8b0f9b0ba4293869e332', u'3bea458e30e79a3f9f05769ac4a43687ed0a8074', u'3847d03a4ac7e7f4e52bca451ddb5089a7402072', u'9c7805483203d3888a6c0e7f7f3cda2cb239b35c', u'e1b23f1da3c1c6174cb02cea24f7efc59d8788b7', u'431c6296507f9db32cd6dcbb25a43f50b914c605', u'13bd42b001a21cf108e4b7068c63d549a843ab95', u'0a10c25a595c6df31ac50d7a35d0bd8440d71d79', u'00c741c2570db5fc015a0e78deadf76ccdbf2796', u'30340ae10cda4efb91ff57ff58583f78759b4b3d', u'85446dd60751409efa569aac759a788067e3da40', u'dbb15a69b5a8963398d82c679682b24216a5723f', u'b61946ae22ded11883a6a001b9df6ab02a386fca', u'9516a1672a9709db1afc0ccf3d5ff16c28726bdd', u'5461239e4dcd9e37b8d30d6120ac604dee4d65bd', u'7637afb1d32095ff797f665bf81e2712a02cf01f', u'b5d8bf55da276e55a7be4b43e5c275ea2eb21193', u'11305945244534ec9d9c3e8fee189b5eaa95d829'];22/06/16 17:33;19/11/15 19:28;215;27;com.facebook.presto.sql.planner.QueryPlanner.aggregate;7766;TRUE;3efdcbfc0dbed0df421496366e42e2cb;Extract Method;[u'com.facebook.presto.sql.planner.QueryPlanner.aggregate', u'com.facebook.presto.sql.planner.QueryPlanner', u'com.facebook.presto.sql.planner.QueryPlanner.aggregate', u'com.facebook.presto.sql.planner.QueryPlanner.aggregateGroupingSet', u'com.facebook.presto.sql.planner.QueryPlanner'];6169;inserted
;6379;fe434cb1468f6f71a526786869d35334c7e28bc4;e223a9e97515d63d8710b65428b35119021cd38f;[u'b61946ae22ded11883a6a001b9df6ab02a386fca', u'b9edeb19acf1420c029574398b365cb9cd10af45', u'30340ae10cda4efb91ff57ff58583f78759b4b3d', u'2f373cf471bc0baec0e8a3f98a113423fea42997', u'93407d4529276fd437de5b7472c99100508c3f9e', u'dbb15a69b5a8963398d82c679682b24216a5723f', u'd725e4c654270636bc7de92cc6d74683b1de29fe', u'9516a1672a9709db1afc0ccf3d5ff16c28726bdd', u'8b010273d02ed8950b2ab47d7c435537219d3c77', u'3847d03a4ac7e7f4e52bca451ddb5089a7402072', u'5461239e4dcd9e37b8d30d6120ac604dee4d65bd', u'9c7805483203d3888a6c0e7f7f3cda2cb239b35c', u'0a10c25a595c6df31ac50d7a35d0bd8440d71d79', u'b5d8bf55da276e55a7be4b43e5c275ea2eb21193', u'33c1fa4865c5ea0c11fb8b0f9b0ba4293869e332', u'431c6296507f9db32cd6dcbb25a43f50b914c605', u'11305945244534ec9d9c3e8fee189b5eaa95d829', u'fd0a15d2e49ce4a01f3b8c8eea885c43cf17f418', u'e1b23f1da3c1c6174cb02cea24f7efc59d8788b7', u'00c741c2570db5fc015a0e78deadf76ccdbf2796', u'13bd42b001a21cf108e4b7068c63d549a843ab95'];22/06/16 17:33;04/03/16 02:05;110;21;com.facebook.presto.sql.planner.QueryPlanner.aggregate;7766;FALSE;d83156bf44b446481345e494b658480b;Inline Method;[u'com.facebook.presto.sql.planner.QueryPlanner.aggregateGroupingSet', u'com.facebook.presto.sql.planner.QueryPlanner.aggregate', u'com.facebook.presto.sql.planner.QueryPlanner', u'com.facebook.presto.sql.planner.QueryPlanner', u'com.facebook.presto.sql.planner.QueryPlanner.aggregate'];6852;inserted
;5970;e8658a03cbb2cbdaeb783a60e6c44d275817cff2;fc4f7db660e48a06bc636c6ead4f8fe7fe6d0e08;[u'fad8a7bcc3e89cecc862ec687071f4eadc67214c', u'a457d0c9169a47e6187a8167ebd2ec2dbbe1b8e8', u'5099c091d1621a19ed483dd91e50b7d5b0d48383', u'6f4426bb64f053cf989b1391222fdd2fcff46255', u'fe4a5f9a340cae77c2bfff5df8505f142516abe1', u'e8658a03cbb2cbdaeb783a60e6c44d275817cff2', u'1388116f4a724938ea1e66c28503a4c19694466f', u'fb0c1b0160a8fe35541f67b2cd0c181490d45eba', u'79a250f2db180093b1587a92bbc13bc4fccc325a', u'a2b81883b01b0bac0c0a3c55b9adff6a0ec4832e', u'5711bbeba9820884bc8ee6222b905f34bd9a6f0f', u'2454dcea8795792931a3a808a002ad67aa5ddc77', u'48b632cb8c411461198869bd210a5649a27cefe8', u'460d0b0ab4e1179355eeb390dbf2c22a948a93f2', u'4c7670dc42863306e79506e8570d57e9fad96b95', u'2c26ff5615bbe9a5351eb24b50bda5c426a28afe', u'3162a0b0fee6b3fc587b4387e6d6e3f088a584a3', u'b079a6d317c2e8f3847a9310eda70388b2ce3c2f', u'052f40de16d67dd255757f1288ceaf4a39a33a7e', u'3fa0829907427579fe574f779a6182359df4a1cb', u'637a1b650f4149d83df93ccf9a40db44e420e425', u'd622d78a4eb27213f736061651cccf2cb369ad6e', u'f0b17d625caaa2aa742cec7e6d17c90b538ec66d', u'ea7ebb361bfcd23f4fc1e6a077b206c2344d92c8', u'331536c0f960f1605257117bad0d904baf253d34', u'790c4c3ba12e3b89054a3dfac1e083d7168721d4', u'55278586bd877f21929bd2ac5bc6ec679dab6f24', u'84cd71afa5cd03210c72cfc30eeb1f9604d4aa45', u'0b122975c5a8c462c827a70a805ee160ddf2a23e', u'f21a55f2e35981e4a343b744da94d4032ecf34ed', u'993e199a22ca981fa4bedb177a8198c69cf75573', u'1f1f9fe99c7cb061f5d5f7fc977ec3eafbb95e84', u'a42e5a5d605b7fa30a09f1479fe00e03aa522813', u'cd0258b37c8bdd230e514ae855b02089e23ffa63'];30/06/16 19:43;09/02/15 19:39;507;34;com.facebook.presto.raptor.metadata.TestDatabaseShardManager.testCommit;7973;FALSE;4cb2c00553d9aab816c306f2a43e5627;Extract Method;[u'com.facebook.presto.raptor.metadata.TestDatabaseShardManager', u'com.facebook.presto.raptor.metadata.TestDatabaseShardManager.testCommit', u'com.facebook.presto.raptor.metadata.TestDatabaseShardManager', u'com.facebook.presto.raptor.metadata.TestDatabaseShardManager.toShardNodes', u'com.facebook.presto.raptor.metadata.TestDatabaseShardManager.testCommit'];4479;inserted
;4275;1eb9dcb17866050c937a682e524183a735221b49;d03c567a0c6dc914ab047b3f9943a9caeed848cf;[u'1eb9dcb17866050c937a682e524183a735221b49', u'd03c567a0c6dc914ab047b3f9943a9caeed848cf'];11/12/14 04:11;11/12/14 04:09;0;2;com.facebook.presto.operator.aggregation.ApproximateCountDistinctAggregations.input;4123;FALSE;543eacf8c80955f80bfa0a3100fbfe62;Extract Method;[u'com.facebook.presto.operator.aggregation.ApproximateCountDistinctAggregations.input', u'com.facebook.presto.operator.aggregation.ApproximateCountDistinctAggregations', u'com.facebook.presto.operator.aggregation.ApproximateCountDistinctAggregations', u'com.facebook.presto.operator.aggregation.ApproximateCountDistinctAggregations.input'];4122;inserted
;6059;7ed5699ba889774c27b262acce3fdb774d4a8c7c;8cd5fcb96101fc8218d62aad2bd571dac0d60c9a;[u'ae0a1dadea341c006763acb28f52049ef6d5bfaf', u'8cd5fcb96101fc8218d62aad2bd571dac0d60c9a', u'c6c2edd349ab563a3f4822cf6da9c30e4efc828a'];09/08/13 02:03;18/07/13 01:58;22;3;com.facebook.presto.sql.planner.EffectivePredicateExtractor.visitAggregation;1851;FALSE;aa3417b40f3359c6e93461905d51999c;Extract Method;[u'com.facebook.presto.sql.planner.EffectivePredicateExtractor', u'com.facebook.presto.sql.planner.EffectivePredicateExtractor.visitAggregation', u'com.facebook.presto.sql.planner.EffectivePredicateExtractor.visitAggregation', u'com.facebook.presto.sql.planner.EffectivePredicateExtractor', u'com.facebook.presto.sql.planner.EffectivePredicateExtractor.pullExpressionThroughSymbols'];1848;inserted
;4361;1f83e1c34c0900348eca1bf3121e96e37fb355be;95554c67c9fea743573a0072737b83667bb98c90;[u'a58a4ac2a62cc0b433225cc2497ddb8628b0fc88', u'60f5b361a0acc972fafbde29f83b07228fa277d1'];18/12/15 18:47;15/12/15 19:30;2;2;com.facebook.presto.operator.GenericPageProcessor.processColumnarDictionary;6496;FALSE;d1d8dd2d6cd1ff03fa43a5622ee6e651;Extract Method;[u'com.facebook.presto.operator.GenericPageProcessor.processColumnarDictionary', u'com.facebook.presto.operator.GenericPageProcessor', u'com.facebook.presto.operator.GenericPageProcessor.projectColumnarDictionary', u'com.facebook.presto.operator.GenericPageProcessor.processColumnarDictionary', u'com.facebook.presto.operator.GenericPageProcessor'];6337;inserted
;5215;c3bfeed34370dbf734849bae9726a087ee1a9d5d;77391bd9f9cdd2df54d98ac9abe03c8ece52db4f;[u'6990171e0c4c7ec45ecfc19b92c0283952aede07', u'3f5bcf645b88b62ec91a683f04e23c23ebf15e8e', u'1b11634440297d29f2b94c6d7746a4597bf6a832', u'a86eca177f5f29f539ac18b3ac8299450746b7ea', u'040461ab16448b320d9193e7f88389e636c68caa', u'ae664f895670060f71f773b780ce7bfa4f1645c9', u'4cef7cc37cd0f15c12956b0b0baa4253a1117eb8', u'46531cd2963aa202c4f4c0e532045a6be072a4ab', u'f7ccd58c7d2b98dcf23b2d9e1c1c8d3580c2237e', u'fd2bf7d972c703a603f7ec043b96649347f7e184', u'aa4fe2f5c0ce3b6c867ecc5b22864b3568e2e3f8', u'f4ab6e32c5cd8f6da36aa239598d4346a62de324'];30/04/16 18:31;24/12/15 00:54;128;12;com.facebook.presto.server.ServerMainModule.setup;7323;TRUE;f5f196ae7ac3d0b97b3bdc8127593af2;Inline Method;[u'com.facebook.presto.server.ServerMainModule.detectPrestoVersion', u'com.facebook.presto.server.ServerMainModule.setup', u'com.facebook.presto.server.ServerMainModule', u'com.facebook.presto.server.ServerMainModule', u'com.facebook.presto.server.ServerMainModule.setup'];6475;inserted
;5215;c3bfeed34370dbf734849bae9726a087ee1a9d5d;e1d50b99752c85f0d05b4b4190fe26d372922dc8;[u'c2f793e3200edd395078c6dc042e0df3c0c415de', u'a86eca177f5f29f539ac18b3ac8299450746b7ea', u'd56e491885b9f2ac1a841084d0f05d74a7b2990e', u'8a0b0269f880efe3a1640ed0ef62f392fe361b30', u'7f3802f688bf874ee61d7b3885b857d60a0ef508', u'e1d50b99752c85f0d05b4b4190fe26d372922dc8', u'118cf660ac8a00a4582fbcc0c1c5943e3467d7f4', u'f07b95837981e5c86ea3fa2f3c281cca460435d8', u'8c13b28327db532849d828c39c8e381ee8f73781', u'e9fc98a7576475eb7e7fb9ed84773843707b1917', u'6d1e8ae2a3dd79ff77695ebcf489d9fd2b0b8027', u'77c830039fd7fb4e94017fba61cdcc02d7d195b5', u'23eae8da2711ed47761bf9854e999489678f17b2', u'6c6aabd2d1de32470ce1ddd625df0969190a25e0', u'0598341a0ffee2c920535b24c906ed0fa6b2978a', u'65e079a61707a4fcc096467e1238abd3a13c500d', u'3157c1235bb33d0d5c0c6af77f445fdc01630154', u'6dc9b56dffa18fb13119d767d3587993b681357f', u'5ccd793beb15579e3613fd9b27c451c3d89cf6fd', u'4cc36c2e5d69faa8a0690eeba606ede724b2f981', u'1e239bd7f626f5b520533b9ed07c6962693071da', u'0f13ed83a239396358e8f91c0bf342381098988b', u'9a2179ce44c630c97e9eb24c8b80f1249d27c8bc', u'0e39827d68f533833049b42eda691082b735fcb2', u'f4ab6e32c5cd8f6da36aa239598d4346a62de324', u'f7ccd58c7d2b98dcf23b2d9e1c1c8d3580c2237e', u'58857ce6e2e01b10d64e37f3639f3d49fa13ef32', u'562e96beac669f2c93100c480fbedb0c8414f8e8', u'57fdd630d3213d54481f13ff950805da9fe1666e', u'ea50a8916684dfd8aea1e3f7b1ebdc945465f301', u'b7b62fc0e0b1df6723f78c6675ca3ff66552d180', u'5696ac1850a5c6ebba60bc5e7b48fb36cea21e16', u'3e0e84983694b34fd36be70ffe92591335f823ff', u'dc4099cb51c5473a548276567391af18f85a2f81', u'b86c81926d470da36551cf450d8bba9082bd91a9', u'5d40b62b9f3c441045dc4cdd9ef8b6965379511d', u'ca3d88cf2afe6ea28bbd3fae896452a194901e76', u'c79cf625364447ee5aea18c141354d408fdd48aa', u'aa4fe2f5c0ce3b6c867ecc5b22864b3568e2e3f8', u'b8a85c8c9c1bc58de6395348a4f93498f92791e3', u'10a318c8708135d145f7aa48172dd9c6af7b9d50', u'2ec8d001e3a9515e978508b9452db5bfd84dea1e', u'625fcd9de3d8013d9b01cc547e62948d5a28bd58', u'cdbead924403895eb4b8584bf6bb2eadf888c5a8', u'387ff3ff2597fce5034db92271c140bfc74a523b', u'fb3f53642d1fe00260b8f1d933744d52fba5a94d', u'3535c0de963191885ae661d1755155be03e12236', u'221a6928cebc351c56ca740710c698ebfb1e5e87', u'a48e081d52ab98d06d4a66f64eea462da2364619', u'3783cb0a1372aee1681165b4e11e781504b688e0', u'16c3fae380c2caf195d5f43f87495c978bccb22b', u'60b21e7c853a70c416508f69ec61d1f3efb2c443', u'2849fdb47a8e2a5b546b4978875bf15c3eddf4fc', u'b0d38c98bd1c4e91d6a716870d2b1721d062bafa', u'6990171e0c4c7ec45ecfc19b92c0283952aede07', u'bec216b18a7d93f342163918cda01ed6e582bdf7', u'2a0449bf496dc704ceb08a84922ce2dac6b7b4fc', u'5be6babfdd091405b525ef84924ffa77ed32baf0', u'4cef7cc37cd0f15c12956b0b0baa4253a1117eb8', u'e710de92f12bd5868210be7b71a1ad1be554af00', u'3f5bcf645b88b62ec91a683f04e23c23ebf15e8e', u'5fd8ac9b9b010dc9ac8aeba989fbd4a9705dbe7e', u'cfd8e21b3285d148e08710f1d6ec60b467b14dd3', u'040461ab16448b320d9193e7f88389e636c68caa', u'483d5aa17ebce667a84894b8c7c9b2aaf903ce7c', u'9194b787efb0baa99f57d8e6c2c0fa917e42f66e', u'29f0c2cd885ce1a0e9785d039b427c9185af3c01', u'3b266ed42f15d64580a310f23fdcb05df1537e78', u'43457977a75c03a57a3fa40135d0cd72211c3764', u'efb345a1ae2908036e71af50c21184be9aa021cf', u'9e0b4f40f231149b08a1e4edf6b8f2fde3577b16', u'804be1afe3a5a88c035ef6aeec76fdb033c8bb92', u'fcbff1f31934bcc43981c7e32d87be62f3468863', u'7756868af495b7f141cf182a7a654b7088f20134', u'b88589cc36932d37220c6af9eb2abcba87aee63e', u'd4802b9dc0ff47e827d69c474c4f978fe11e01c8', u'5c6905626a88992060f3b95b5f228cb57d76f9be', u'6b98ecc363f679af1a6e2256d08eddb3c527b7ba', u'1c6cb53a15772f90c669311f10698dd8ca83d7e5', u'80b481e67eda354ea341876d8b26146186c31882', u'484b7cb0d20ec8f7c3b0d9eaf9e3f93468cec88c', u'598fc5e18317bf4b045da55c031939ef8f2926bc', u'0043d64c8512df745e4e49c6f782d3e729127c50', u'f842e791f046ec422cf16716e6f39411094ebda0', u'580a083eb557c382d6eb1d99c995b778091603b2', u'1b11634440297d29f2b94c6d7746a4597bf6a832', u'7416f110f5928061536e1de839075d19ef8a5305', u'fd2bf7d972c703a603f7ec043b96649347f7e184', u'e02bc7fdce92bfc6d28ea7a8f10d360bd14710b1', u'39b0ad8cf84322a5a3f7a9f6785830aeb9856563', u'9697ce759509d382e07521f171f623b228f6f846', u'ae664f895670060f71f773b780ce7bfa4f1645c9', u'347d9207f73c7a720eb1c5fe7667b82279d2e8a0', u'5e2b949b1f134be0842572bc7995cc4004c62249', u'46531cd2963aa202c4f4c0e532045a6be072a4ab'];30/04/16 18:31;27/09/13 03:08;946;95;com.facebook.presto.server.ServerMainModule.setup;7323;FALSE;23925cb0c2c0805355539fb215ec51d2;Extract Method;[u'com.facebook.presto.server.ServerMainModule', u'com.facebook.presto.server.ServerMainModule.setup', u'com.facebook.presto.server.ServerMainModule.setup', u'com.facebook.presto.server.ServerMainModule', u'com.facebook.presto.server.ServerMainModule.detectPrestoVersion'];2053;inserted
;4459;0516550004c35ff91c7581bb480ac80a49a05167;1b72057ecf6bfa40321b531c9473e446e31dae82;[u'879bea00b49f36ffb055ee58dffe3f050699b89a', u'f07b95837981e5c86ea3fa2f3c281cca460435d8', u'1aec23126a6f4f51e8e331be9bdc3043b5671280', u'b9b6a310a7228bcae6908e20379e20cd6a1648f7', u'515f9c93b76ce101cfc564104dbbe0984048f2ea', u'39ba46b44a3385f9545f78a4ba2ec046e528e952', u'4a55f9b003ac3cb47d081020ee5ce01918daf856', u'5dbcd71cf2ce9261aa407e2f966c4ffd2ccbdebc', u'1cdc9cab9801391d292b5ec107f37ec9a2625332', u'2ac2286616193949a648728e272f7f95353be45e', u'c1895a8bb4d9e0afa8bbbc53ce2e073d2dd1a160', u'0516550004c35ff91c7581bb480ac80a49a05167', u'e2d1876096ceee3cbe248c9f5b3e94f651105337', u'441dda47903daa233b516664342486a14f8abbb5', u'24191c4dbe520ca08503ba022b96e23306f7dce1', u'c1baa75cdcb6d6b1fe578d1d794bb4ead36900d4'];11/12/15 19:03;01/09/15 17:33;101;16;com.facebook.presto.server.HttpRemoteTask.abort;6319;FALSE;3da930a4fe7cf6210776e5ceb002e219;Extract Method;[u'com.facebook.presto.server.HttpRemoteTask.abort', u'com.facebook.presto.server.HttpRemoteTask', u'com.facebook.presto.server.HttpRemoteTask.abort', u'com.facebook.presto.server.HttpRemoteTask.scheduleAsyncCleanupRequest', u'com.facebook.presto.server.HttpRemoteTask'];5663;inserted
;5802;106c64aeaa3ce06e1916408c789b467479999aa9;7ce7c9827f0050f3fe229a0fc5d0cc67a1d3b9ad;[u'afb65e4e80e3c83404292c30706bd3c0e2d97dca', u'8c4e324c1e7f1330bf2e6bd569c068fc9ffc1913', u'05804f5fbdfd23be3804f89b43952dadb5067244', u'b64a18e91dd9f485415faa2f15759a8f5e30947a', u'106c64aeaa3ce06e1916408c789b467479999aa9', u'b809aae0ed4e7cd5daced0d1f5a50313b96c44af', u'7ce7c9827f0050f3fe229a0fc5d0cc67a1d3b9ad', u'6d27491a7af2c60fa883c697b8d214c66933fa1b'];17/03/16 11:34;14/04/15 20:57;337;8;com.facebook.presto.operator.TestHashJoinOperator.testInnerJoinWithNullOnBothSides;7577;FALSE;f91b920be68b28ade59d7a15d20d1faa;Extract Method;[u'com.facebook.presto.operator.TestHashJoinOperator', u'com.facebook.presto.operator.TestHashJoinOperator.testInnerJoinWithNullOnBothSides', u'com.facebook.presto.operator.TestHashJoinOperator', u'com.facebook.presto.operator.TestHashJoinOperator.testInnerJoinWithNullOnBothSides', u'com.facebook.presto.operator.TestHashJoinOperator.buildHash'];5006;inserted
;5802;106c64aeaa3ce06e1916408c789b467479999aa9;7ce7c9827f0050f3fe229a0fc5d0cc67a1d3b9ad;[u'afb65e4e80e3c83404292c30706bd3c0e2d97dca', u'8c4e324c1e7f1330bf2e6bd569c068fc9ffc1913', u'05804f5fbdfd23be3804f89b43952dadb5067244', u'b64a18e91dd9f485415faa2f15759a8f5e30947a', u'106c64aeaa3ce06e1916408c789b467479999aa9', u'b809aae0ed4e7cd5daced0d1f5a50313b96c44af', u'7ce7c9827f0050f3fe229a0fc5d0cc67a1d3b9ad', u'6d27491a7af2c60fa883c697b8d214c66933fa1b'];17/03/16 11:34;14/04/15 20:57;337;8;com.facebook.presto.operator.TestHashJoinOperator.testProbeOuterJoin;7577;FALSE;37cf6bfc2977d130c6d75d7bccb1c497;Extract Method;[u'com.facebook.presto.operator.TestHashJoinOperator.testProbeOuterJoin', u'com.facebook.presto.operator.TestHashJoinOperator', u'com.facebook.presto.operator.TestHashJoinOperator.buildHash', u'com.facebook.presto.operator.TestHashJoinOperator.testProbeOuterJoin', u'com.facebook.presto.operator.TestHashJoinOperator'];5006;inserted
;5802;106c64aeaa3ce06e1916408c789b467479999aa9;7ce7c9827f0050f3fe229a0fc5d0cc67a1d3b9ad;[u'afb65e4e80e3c83404292c30706bd3c0e2d97dca', u'8c4e324c1e7f1330bf2e6bd569c068fc9ffc1913', u'05804f5fbdfd23be3804f89b43952dadb5067244', u'b64a18e91dd9f485415faa2f15759a8f5e30947a', u'106c64aeaa3ce06e1916408c789b467479999aa9', u'b809aae0ed4e7cd5daced0d1f5a50313b96c44af', u'7ce7c9827f0050f3fe229a0fc5d0cc67a1d3b9ad', u'6d27491a7af2c60fa883c697b8d214c66933fa1b'];17/03/16 11:34;14/04/15 20:57;337;8;com.facebook.presto.operator.TestHashJoinOperator.testOuterJoinWithNullProbe;7577;FALSE;a08ca57203116b8e130c14cef888c662;Extract Method;[u'com.facebook.presto.operator.TestHashJoinOperator.testOuterJoinWithNullProbe', u'com.facebook.presto.operator.TestHashJoinOperator', u'com.facebook.presto.operator.TestHashJoinOperator.testOuterJoinWithNullProbe', u'com.facebook.presto.operator.TestHashJoinOperator', u'com.facebook.presto.operator.TestHashJoinOperator.buildHash'];5006;inserted
;5802;106c64aeaa3ce06e1916408c789b467479999aa9;7ce7c9827f0050f3fe229a0fc5d0cc67a1d3b9ad;[u'afb65e4e80e3c83404292c30706bd3c0e2d97dca', u'8c4e324c1e7f1330bf2e6bd569c068fc9ffc1913', u'05804f5fbdfd23be3804f89b43952dadb5067244', u'b64a18e91dd9f485415faa2f15759a8f5e30947a', u'106c64aeaa3ce06e1916408c789b467479999aa9', u'b809aae0ed4e7cd5daced0d1f5a50313b96c44af', u'7ce7c9827f0050f3fe229a0fc5d0cc67a1d3b9ad', u'6d27491a7af2c60fa883c697b8d214c66933fa1b'];17/03/16 11:34;14/04/15 20:57;337;8;com.facebook.presto.operator.TestHashJoinOperator.testOuterJoinWithNullBuild;7577;FALSE;c821fd0e9a1d13d5511410868987d4b3;Extract Method;[u'com.facebook.presto.operator.TestHashJoinOperator.testOuterJoinWithNullBuild', u'com.facebook.presto.operator.TestHashJoinOperator', u'com.facebook.presto.operator.TestHashJoinOperator', u'com.facebook.presto.operator.TestHashJoinOperator.buildHash', u'com.facebook.presto.operator.TestHashJoinOperator.testOuterJoinWithNullBuild'];5006;inserted
;5802;106c64aeaa3ce06e1916408c789b467479999aa9;7ce7c9827f0050f3fe229a0fc5d0cc67a1d3b9ad;[u'afb65e4e80e3c83404292c30706bd3c0e2d97dca', u'8c4e324c1e7f1330bf2e6bd569c068fc9ffc1913', u'05804f5fbdfd23be3804f89b43952dadb5067244', u'b64a18e91dd9f485415faa2f15759a8f5e30947a', u'106c64aeaa3ce06e1916408c789b467479999aa9', u'b809aae0ed4e7cd5daced0d1f5a50313b96c44af', u'7ce7c9827f0050f3fe229a0fc5d0cc67a1d3b9ad', u'6d27491a7af2c60fa883c697b8d214c66933fa1b'];17/03/16 11:34;14/04/15 20:57;337;8;com.facebook.presto.operator.TestHashJoinOperator.testInnerJoin;7577;FALSE;9f819e476ce9716b730f55e830f4eb2c;Extract Method;[u'com.facebook.presto.operator.TestHashJoinOperator', u'com.facebook.presto.operator.TestHashJoinOperator.testInnerJoin', u'com.facebook.presto.operator.TestHashJoinOperator.buildHash', u'com.facebook.presto.operator.TestHashJoinOperator.testInnerJoin', u'com.facebook.presto.operator.TestHashJoinOperator'];5006;inserted
;5802;106c64aeaa3ce06e1916408c789b467479999aa9;7ce7c9827f0050f3fe229a0fc5d0cc67a1d3b9ad;[u'afb65e4e80e3c83404292c30706bd3c0e2d97dca', u'8c4e324c1e7f1330bf2e6bd569c068fc9ffc1913', u'05804f5fbdfd23be3804f89b43952dadb5067244', u'b64a18e91dd9f485415faa2f15759a8f5e30947a', u'106c64aeaa3ce06e1916408c789b467479999aa9', u'b809aae0ed4e7cd5daced0d1f5a50313b96c44af', u'7ce7c9827f0050f3fe229a0fc5d0cc67a1d3b9ad', u'6d27491a7af2c60fa883c697b8d214c66933fa1b'];17/03/16 11:34;14/04/15 20:57;337;8;com.facebook.presto.operator.TestHashJoinOperator.testOuterJoinWithNullOnBothSides;7577;FALSE;3af9d794cbdce520fcc623cb79d1c015;Extract Method;[u'com.facebook.presto.operator.TestHashJoinOperator', u'com.facebook.presto.operator.TestHashJoinOperator.testOuterJoinWithNullOnBothSides', u'com.facebook.presto.operator.TestHashJoinOperator.buildHash', u'com.facebook.presto.operator.TestHashJoinOperator', u'com.facebook.presto.operator.TestHashJoinOperator.testOuterJoinWithNullOnBothSides'];5006;inserted
;5802;106c64aeaa3ce06e1916408c789b467479999aa9;7ce7c9827f0050f3fe229a0fc5d0cc67a1d3b9ad;[u'afb65e4e80e3c83404292c30706bd3c0e2d97dca', u'8c4e324c1e7f1330bf2e6bd569c068fc9ffc1913', u'05804f5fbdfd23be3804f89b43952dadb5067244', u'b64a18e91dd9f485415faa2f15759a8f5e30947a', u'106c64aeaa3ce06e1916408c789b467479999aa9', u'b809aae0ed4e7cd5daced0d1f5a50313b96c44af', u'7ce7c9827f0050f3fe229a0fc5d0cc67a1d3b9ad', u'6d27491a7af2c60fa883c697b8d214c66933fa1b'];17/03/16 11:34;14/04/15 20:57;337;8;com.facebook.presto.operator.TestHashJoinOperator.testInnerJoinWithNullBuild;7577;FALSE;ab402ab0f173c039fb825f94b4c38f55;Extract Method;[u'com.facebook.presto.operator.TestHashJoinOperator', u'com.facebook.presto.operator.TestHashJoinOperator.testInnerJoinWithNullBuild', u'com.facebook.presto.operator.TestHashJoinOperator', u'com.facebook.presto.operator.TestHashJoinOperator.testInnerJoinWithNullBuild', u'com.facebook.presto.operator.TestHashJoinOperator.buildHash'];5006;inserted
;5802;106c64aeaa3ce06e1916408c789b467479999aa9;7ce7c9827f0050f3fe229a0fc5d0cc67a1d3b9ad;[u'afb65e4e80e3c83404292c30706bd3c0e2d97dca', u'8c4e324c1e7f1330bf2e6bd569c068fc9ffc1913', u'05804f5fbdfd23be3804f89b43952dadb5067244', u'b64a18e91dd9f485415faa2f15759a8f5e30947a', u'106c64aeaa3ce06e1916408c789b467479999aa9', u'b809aae0ed4e7cd5daced0d1f5a50313b96c44af', u'7ce7c9827f0050f3fe229a0fc5d0cc67a1d3b9ad', u'6d27491a7af2c60fa883c697b8d214c66933fa1b'];17/03/16 11:34;14/04/15 20:57;337;8;com.facebook.presto.operator.TestHashJoinOperator.testInnerJoinWithNullProbe;7577;FALSE;837a03105342bb59481299beb63ae8bd;Extract Method;[u'com.facebook.presto.operator.TestHashJoinOperator.testInnerJoinWithNullProbe', u'com.facebook.presto.operator.TestHashJoinOperator', u'com.facebook.presto.operator.TestHashJoinOperator.buildHash', u'com.facebook.presto.operator.TestHashJoinOperator.testInnerJoinWithNullProbe', u'com.facebook.presto.operator.TestHashJoinOperator'];5006;inserted
;5802;106c64aeaa3ce06e1916408c789b467479999aa9;800006d73139b13d255853bb534710bf9de86b5b;[u'0d550d09c43872ed6846ad4824f0de76d53bd655', u'c9202d4775c7b94badc0d44e9728a8e31b048600', u'8b1cbea2e105e50ec5568db3e0f4dbab55529e72', u'2e0255f655589a6b884e607636d2e0cd33b445a4', u'3474cee04d52d4910658d8abee0a693d2d7f60b8', u'136f32f5685b1df4d41a315fabe4f4466c6da764', u'd68fe6cfd0e952498ac59224c3422fa6a28d8f71', u'078c04d02b2ad6435598c5dff4a030230f9d4cd8', u'69a525ba4f8477aa55ba8e45e62df76877c74c62', u'fdecc14f0dfd70f0716badda110e32e173048e79'];17/03/16 11:34;06/11/14 19:35;496;10;com.facebook.presto.operator.OperatorAssertion.assertOperatorEquals;7577;FALSE;baa0b403beb1ae1d696f7b0dec25e668;Extract Method;[u'com.facebook.presto.operator.OperatorAssertion', u'com.facebook.presto.operator.OperatorAssertion.assertOperatorEquals', u'com.facebook.presto.operator.OperatorAssertion.assertOperatorEquals', u'com.facebook.presto.operator.OperatorAssertion'];3902;inserted
;5802;106c64aeaa3ce06e1916408c789b467479999aa9;800006d73139b13d255853bb534710bf9de86b5b;[u'0d550d09c43872ed6846ad4824f0de76d53bd655', u'c9202d4775c7b94badc0d44e9728a8e31b048600', u'8b1cbea2e105e50ec5568db3e0f4dbab55529e72', u'2e0255f655589a6b884e607636d2e0cd33b445a4', u'3474cee04d52d4910658d8abee0a693d2d7f60b8', u'136f32f5685b1df4d41a315fabe4f4466c6da764', u'd68fe6cfd0e952498ac59224c3422fa6a28d8f71', u'078c04d02b2ad6435598c5dff4a030230f9d4cd8', u'69a525ba4f8477aa55ba8e45e62df76877c74c62', u'fdecc14f0dfd70f0716badda110e32e173048e79'];17/03/16 11:34;06/11/14 19:35;496;10;com.facebook.presto.operator.OperatorAssertion.assertOperatorEqualsIgnoreOrder;7577;FALSE;4832de55ad46d6715b338e9da511b99d;Extract Method;[u'com.facebook.presto.operator.OperatorAssertion', u'com.facebook.presto.operator.OperatorAssertion.assertOperatorEqualsIgnoreOrder', u'com.facebook.presto.operator.OperatorAssertion.assertOperatorEqualsIgnoreOrder', u'com.facebook.presto.operator.OperatorAssertion'];3902;inserted
;6637;b6f22b02d32cae58a64cee8516b95a030d74df00;0335e2e2e7bfcc37243a67af2d40c997596faa15;[u'bfe093b5be7472e395df942f2813d92d0355bacd', u'f8351603cbe62838ff8cd55b9743128d570c7e20'];10/06/16 18:05;10/05/16 08:04;31;2;com.facebook.presto.sql.planner.TestLogicalPlanner.assertPlan;8053;FALSE;96f986a48840d299dbe56a4f7f36e698;Extract Method;[u'com.facebook.presto.sql.planner.TestLogicalPlanner.assertPlan', u'com.facebook.presto.sql.planner.TestLogicalPlanner', u'com.facebook.presto.sql.planner.TestLogicalPlanner.assertPlan', u'com.facebook.presto.sql.planner.TestLogicalPlanner.plan', u'com.facebook.presto.sql.planner.TestLogicalPlanner'];7544;inserted
;4715;15ce84d5413773fb2d7d1deddff92827c1b746e9;9c1fe4baca4d3a25ecbfc8f64b863c2ce6251ffe;[u'e468a287edfcabd8baff1826a1bab953033e1bd4', u'ce2ae58730e7a166034dbb96092a1b9997860c07'];15/01/16 21:20;19/11/15 19:28;57;2;com.facebook.presto.sql.planner.QueryPlanner.aggregate;6523;TRUE;3efdcbfc0dbed0df421496366e42e2cb;Extract Method;[u'com.facebook.presto.sql.planner.QueryPlanner.aggregate', u'com.facebook.presto.sql.planner.QueryPlanner', u'com.facebook.presto.sql.planner.QueryPlanner.aggregate', u'com.facebook.presto.sql.planner.QueryPlanner.aggregateGroupingSet', u'com.facebook.presto.sql.planner.QueryPlanner'];6169;inserted
;4715;15ce84d5413773fb2d7d1deddff92827c1b746e9;dfb85e1136c924f3779157964b9a43db2fe7a2ad;[u'e468a287edfcabd8baff1826a1bab953033e1bd4'];15/01/16 21:20;21/12/15 07:35;25;1;com.facebook.presto.sql.planner.QueryPlanner.explicitCoercionSymbols;6523;FALSE;7f538612e400a83fedd8441eaf9cf965;Extract Method;[u'com.facebook.presto.sql.planner.QueryPlanner.explicitCoercionSymbols', u'com.facebook.presto.sql.planner.QueryPlanner', u'com.facebook.presto.sql.planner.QueryPlanner.explicitCoercionSymbols', u'com.facebook.presto.sql.planner.QueryPlanner', u'com.facebook.presto.sql.planner.QueryPlanner.copyTranslations'];6441;inserted
;4773;9cfe4c79a6aa230cc8560cb2fbbcb5da19dbaa1a;faebd2500b86d0de9c71e249c06996a0054a0048;[u'1c8073f8e0458590e4c7e8bd6fe6b10bab187d60', u'72a2e2b3e5010fa73ac7b65cf00bf691b7671a4c', u'e40de361faa12fb2e1eae0596ea76dd0517095d8', u'be22100e7fc45fe7f862359b13b7c37d4f7ee692', u'84ee653b400b1054c62b1478400694ad929d6dee', u'3533a98b7eb0d798afa844f8272b33d31b785236', u'be6376f8df4c266e452220bacf55c302d340d1ae', u'fc0648d1c178ae4407e7a727d5a3bfd95af151ed'];03/02/16 02:47;14/01/16 09:17;19;8;com.facebook.presto.execution.scheduler.SqlQueryScheduler.createStages;6666;FALSE;fac97deec50a5ffba5e556245bbc17d9;Extract Method;[u'com.facebook.presto.execution.scheduler.SqlQueryScheduler', u'com.facebook.presto.execution.scheduler.SqlQueryScheduler.createStages', u'com.facebook.presto.execution.scheduler.SqlQueryScheduler', u'com.facebook.presto.execution.scheduler.SqlQueryScheduler.createStages'];6603;inserted
;4773;9cfe4c79a6aa230cc8560cb2fbbcb5da19dbaa1a;33637596c97b7d8e044aa2127ac05cdaf3595a7e;[u'b711196ddb565fa146bfdafedb7f24de06d796c9', u'2b8824caed73aba05388e2ee77101f18d07aee57', u'9f4839b9c40a700d6aac0223407c63fb8f1d3043', u'37095e3084f9112825f1314cbeed825a8d95a5a5', u'0ed36a95d3974bff8db759830add6bf4bfeb458e', u'6082756f91ee4a673980e13120c5ad46275eb60c', u'99b89660e04735e748906fb748c295582fe7bd0c', u'06bd22440f75bf0dd5cbdec3729d26d1ebffd7dd', u'ccccaa48223857d964c1226fe6efcbee102aebee', u'73891e8d6a1b43524c4dec748da6c873fccc8b5d', u'dd4393d732b39649cb5dc75f16d3b6cd138ef95d', u'da3edc2a9c7ffa4983567223707f1dcfd6435e34', u'fc46bcf66e82a21075892f22244bcb9ec8fd4800', u'c5b176f54890a29f69bae72fd30472345a6a1507', u'c352d8748749587db19995dc95d4b862291f6cbb', u'bd43b4632ef963b656420c6b455493682e0dc807', u'5dbcd71cf2ce9261aa407e2f966c4ffd2ccbdebc', u'60716b23c899d7e93bd70664722c8dcd1551b420', u'26edbea1ba9c2ba5848b92eadf48629bae08eb96', u'e0999f89c33214615dddf392ce5571467f84eb70', u'843c87dc5d5b1c268b4223265f51b4e62e2cc0f5', u'b96bb2e626fc7e02833da683bab592ee2f73d780', u'720bd06bc7fa502f8e9fd0513330974acb3800fb', u'1703a05a2c6861d95b5b8116b48e6a4c04f48dcf', u'851b3524ae2447f70ce9285ac8cfaef9cd09c6ba', u'941cc84cd4ed30bc2f87c5e41bdd67cf3f5ba517', u'e2b8e2d6921be20a10868ff682339b205c2c534c', u'4cde32ea67c15d99eda369efcd4359b9020d8bd4', u'1a3ca2a58d5f7da551d77011477aee2c9e57a9f7', u'5429aa7afaab3eb39aab02634c33ab21e1d664da', u'1988f1f736184e5898c58935297a71f8ef788bf5', u'a94a4c0ea53d23730cfaef2f5a0427fd7b13b111', u'3e0e84983694b34fd36be70ffe92591335f823ff', u'1ba63da16c15b38cda04833dc1d175eb9c27b244', u'29fae2ed270c69ecfd78a7ad75e520d5bc47b48f', u'd679f4e601056d1ef5b2f9711ec8525d7cce44dd', u'9cb4bf3d146985bb79021f962a7e780dd3082829', u'1901ebbf564e66016fd2cd4a65da1534eb279280', u'20e649a41880a679d721283f1919d22de60ed736', u'4552984efbab45411793e725f831188a0eb4ab0a', u'8c347b6771626d283dd492bcb04e5dcbf5c7c2fb', u'a77a72aa392348c0315e25a1dff7103070cd3e0d', u'4ee2b352d42437f9c85f190c55e44388d06b3d05', u'31d2e3f060393b75a0b76223e3bd38bd912a46c0', u'0d515de22171e8304c6099e0c97c22c5fa3952f0', u'895c62a9a8283eb7944cd2544ecb38878553fd94', u'f21145bfe426b884968b5d9bef800f71c50a6fdb', u'f07b95837981e5c86ea3fa2f3c281cca460435d8', u'd033d51116738b9bd5cedabec5b1f8236ab5b201', u'364f50274d4b4b83d40930c0d2c4d0e57fb34589', u'2d62cd4bea70286df7d9f25620270a6b3ff59ce2', u'720b2b89e775f5a383cfa303714ad6eaf231db79', u'a8b6253e4a74a2ee467c9f777a6f85ae2a2930e2', u'667ed13b9764b3baeb94cf15194f66c7ca735af7', u'be6376f8df4c266e452220bacf55c302d340d1ae', u'832d548ee8a1e8fcf59095558c197a009e5d3cdd', u'f29d92dfa49ad707fe866a72a20a521db7e65aa8', u'5d1cc4ab6da455730a334b572d95743893ef22a5', u'69f9a120e15ef3b999f441ee23a3bc8df75aa267', u'a59547d54ca1f000a9f64d84a9bd649fbdfef5c0', u'10f9a64e8935b957f7f5f94d91c857c986e9417b', u'acc8203de78efd1c93abe5ee1f4776b0e3d26b8f', u'7d4e1cd8ba91d82208d6d69a169496fdda0d18b3', u'264fb88d3f19933ce86fd0e2768ed8d7bce5daac', u'aed3126772982e9250fb1ce1f67a113dfa52ccc5', u'cfdfac5f703a8802e6c7d835f506ef5bf71c7b8e', u'76d9b43c3e16e825ca7d23337ff16edf0b2468ed', u'3435fc5e8992e55aadafb411a31e63cc720098be', u'363104c8881b3e8b5fad4cc91924baad283f49e7', u'5e62a3a5e846dfda7324adad598d39e1a8538c4b', u'3951f72cf4d73f581fe4f9fb90689c3c671f726a', u'b8edcfab5834aa7048f3907d41d94d8f2e92f8b5', u'22e94a0fa32b0ba0882dc5eee95f2722b39fb40d', u'0abf93b053d209cef4b05ef3456657740386b1be', u'39c5f3d9805f30b000d943c213191a4d5013ab90', u'86dccb485b9a54596e57931d8529a88a4c6f2fad', u'a6b99189faa51bcdc9528a0b623b2adf80787cde', u'c39028656194f24432055fd4c652bf70229b7d10', u'599646f05bc3c2bad5a807dc2bf40333452ccec6', u'912f8690a40c353b8718aff548496aa96b8020aa', u'bbe1b9a42da423745adb29c29c687e2545bb4202', u'58e1f41ac0e441cc170d8f584e39e7c260d8de82', u'093e986fa7a8dcb8753ff076946dfd65489c7f0d', u'5e0394b3feb46fa2e5ecfc6a56b5af7d449f91ac', u'b79e5eb51c99f3673622059d3e17488686f8f8e5', u'03eeadc6229a7d3a83b01f4e23b9a840d1b7b956', u'dee95fe8e41de58b94a6c1287950595c65952b1d', u'a585faeaa32629721b4fac712ed4d7ec0ee30256', u'ce9ef19837d64855e7d9e9e33eb0267fa0c375ee', u'4edc6ea6dc2ee43794889122d51652a8c88be5a8', u'fd84099f0158b4c7ceb9f3d2bd80a92836d37663', u'ba53c3a88bc5d3acc3a33e5b1e335a61a1a37ea1', u'065d174e1912092403cc1c2efd545230881ba8ef', u'601ab9b015cbf3207b78a03b988962b94172dbe6', u'85be779b1137a1f5a9152f2b6c767dd913961e99', u'545e26a670f3cd9d6944ba306914191c3d927877', u'213b93a9946bedd8e61f342c7f602fb660fa93d5', u'e9bc15c646ee7666777f884dcbefc372095f1c90', u'5d9b54c68c5fe77e1fbf8ab660275fb3046ed8e2', u'c05f8586ddf43440bb96b2ed33d1e249039759b2', u'8cbfd758dd0f09aaee763b9cb41303e4dde6cb9e', u'bba27a4b6884af42bde387f044a7f1435a8d96ba', u'60191119efb6df706ad79f06873d7188122ea0ce', u'd168fe5b6bb8436b84e1134286b56da205f0bb99', u'4d75a9f0ef50412d2e5b14f9837bb2478852f89f', u'd55f4ad942fb5dd3800ae190cb15b89776637945', u'ba91c67c748d66b653d0a0d41c188680e65c49ec', u'4c49a39fe772b96cf97e07ee4bb6b4a59710520b', u'913188f948d0283407896bb6420f39d6c51a01cc', u'258637c4e33b8bb06999f668b82065b5a6e36660', u'f9929d70efb00e3ec5e16e18f5d2136a57226bab', u'e4469858e90b3e339931fccc7d5e6fd4c9b22fac', u'8280d91d21e208a27f88c053e205b492e6112ed4', u'ced70e283944c4efdba43597179a044c9f236ebb', u'b64a18e91dd9f485415faa2f15759a8f5e30947a', u'285cc0a1a49c0f6a01ee814d62c84d136bbd8d1a', u'7fa9e5bb23d08159c5c327d81afca8048fdf9be5', u'334918772dd360f7a18249af6056ab7708c7eb09', u'400ed75f67c83e6dd5a2d36117b5097c34913bf8', u'0b05bc0e8232c8ca0b37d4437d3da37a3dc11d85'];03/02/16 02:47;25/02/13 23:26;1072;120;com.facebook.presto.execution.SqlTaskExecution.SqlTaskExecution;6666;FALSE;d421e71509ba56dff0368cbf7f9dc1d8;Extract Method;[u'com.facebook.presto.execution.SqlTaskExecution.SqlTaskExecution', u'com.facebook.presto.execution.SqlTaskExecution', u'com.facebook.presto.execution.SqlTaskExecution.SqlTaskExecution', u'com.facebook.presto.execution.SqlTaskExecution', u'com.facebook.presto.execution.SqlTaskExecution.scheduleSplitWorker'];1104;inserted
;4773;9cfe4c79a6aa230cc8560cb2fbbcb5da19dbaa1a;fcbff1f31934bcc43981c7e32d87be62f3468863;[u'cc315041d66d8bc2685021d88f4faa73a0e31964', u'f4f82b3c4a5ca16e6fb223edcb3b864db3215f88', u'718752ec7f5ff73a82c4fa676de0c0ece66339db', u'1e1df56d263e3338de3adc636df13ec5800e1413', u'8b56a4c0a1654b8d59886770c42bd40a256c74fa', u'8ddb8ed8eb46b20d839b1e3c0c37d5e1976bc418', u'10b97c996c51ede6e44a99de338dd57c48772dd3', u'6f18f05722cbe5537933aa34bd2d1ce67a7ad519', u'58857ce6e2e01b10d64e37f3639f3d49fa13ef32', u'7c4790cfdd6fe110be80528d240b6ead42112bf8', u'551bf47877022e9b85dfea775dfcb0431cef6451', u'd191d5944186bfab50ea1b91121fc7d37579344a', u'bce82141d0ffcbfe7d700332e3b9893733b0f6de', u'c7762b03044ad4f8b795ab2a58082b9be2cfcd5d', u'b5e90ab17715e7f31f9d13b17a629d44b78aac65', u'1d558cc635e458d5a50e3548a1e810f3d6944864', u'1376164ce3de09c555d9e370bbacf5cf293fe9a5', u'65e079a61707a4fcc096467e1238abd3a13c500d', u'3474cee04d52d4910658d8abee0a693d2d7f60b8', u'b14ac842e4f61128d62824923f4f688627af853f', u'1bf2f543b6d90cd8b7330d2d14d6fde95ba26947', u'ea50a8916684dfd8aea1e3f7b1ebdc945465f301', u'4f47ea7af68c2b657d9a39120a532da6972f5b2b', u'011eeeb7a957657512c05eb85cac591d96282401', u'04c5515500a59fe15b0e93a47379a418d0fcfe3f', u'108b6956fbd480580ebded515c11d7ef947e9a93', u'32f522fdbc6caca687943fdf37bef204b2ec2486', u'f07b95837981e5c86ea3fa2f3c281cca460435d8', u'4832aa0166ced27a71d65150d5d5fb80d1018f41', u'1e6a4c70a6e7d617afd65f1e4b968f938cf6da56', u'466524d9c69a6ce3dcb9613314448a150e61db08', u'7e58151835da056f2f62a2e3be2a48795fa8e1ba', u'5be6babfdd091405b525ef84924ffa77ed32baf0', u'd3e7fb725d7de743316a0f58bce0ccdedb578094', u'afb65e4e80e3c83404292c30706bd3c0e2d97dca', u'be22100e7fc45fe7f862359b13b7c37d4f7ee692', u'c7f2a4ae239812bd35e8b86b7d637dff33e1a22e', u'5643df402431bc9ae81b1fcec8a7cec2765ca9d5', u'72ce7a496615f07a671b9e2c9be092eea123791e', u'db9716aeeac9079db0b1fff69de9f24c6e21fd1b', u'02f9008bf7c144ff24159f7ab986334be9c7bc0e', u'1bc06768a61c2885b24cfb5272121f69dd18b261', u'a5069571787d6389bc91942ebea25b2f1584b2e5', u'd168fe5b6bb8436b84e1134286b56da205f0bb99', u'30b2dcf8c221bb02f41ee09067e43a73eea2db10', u'5a12bd6475f2cb8903e65365fa917269ffc51589', u'3dee919ac908141e8e7b1ef509bbe1103e489853', u'b00af1c0b87397a7ff669262e38fe76f25a582e9', u'607cfd4aab6eb5c6f9d6a3f4e5a5dfb1a014205c', u'fc46bcf66e82a21075892f22244bcb9ec8fd4800', u'31d0acb40f28402b5985df2c086fb4ae18aebcc0', u'5fd8ac9b9b010dc9ac8aeba989fbd4a9705dbe7e', u'8b1b977a26d4f1817201d062d1106483d0218d1f', u'11048642b1e6b0e35efefab9e4e693b09c8753f5', u'4fc4f09ad2f733c5b5a403db12e938ff7eb37ceb', u'd55f4ad942fb5dd3800ae190cb15b89776637945', u'9e13b6540609b56f4f54190e8ccd6e12b37c3521', u'35534e4bb26b05b635ca147d4bb39b8d91efa5e0', u'2a110b0f7e5b8f3e7aa1456ae4ca7a9923ed0dae', u'832826facc07d90148ec58dd6f213d4c56b89f88', u'43457977a75c03a57a3fa40135d0cd72211c3764', u'5dbcd71cf2ce9261aa407e2f966c4ffd2ccbdebc', u'1d0562246dcaa1cc47a721effd01dfc34404c95a', u'7e49bff71f42fda77e15fc1c2c8c3f4223a7e3ff', u'e6edfccfea4edaca4ba06d927c9da174367e886a', u'6c4a30fc167d3ea2f9a4a3bffbf1746707cb307d', u'ce7db49cb5fb4117747d5841099364fd5efe5a14', u'0bf60aa3a4731bc29d066556b31b84138706d0b8', u'f2cdd474a0365f63bcb98f0e60f0bf11846f96f5', u'505098d925910f6f1a46e73484f4b63a50dced59', u'58e1f41ac0e441cc170d8f584e39e7c260d8de82', u'3fa97bd6de0a67e01fccdc9c94be313cd48d9114', u'0b5a22bf2b0bb5c4cb6852605473d9dc55110a94', u'6739ac6b0c46d1ed3bb7117e4d1eeee39c8e148b', u'400ed75f67c83e6dd5a2d36117b5097c34913bf8', u'851c491097cf23332aae4ca199ce92cc4bb9ad0e', u'b0ca36e43095c3700e8db245a8098de25387205e', u'e6b2f440a6363afc143e778e7695b3b2a6e91ba2', u'cdbead924403895eb4b8584bf6bb2eadf888c5a8', u'2849fdb47a8e2a5b546b4978875bf15c3eddf4fc'];03/02/16 02:47;22/05/14 07:06;621;80;com.facebook.presto.testing.LocalQueryRunner.createDrivers;6666;TRUE;1b65cbbde1dba037b5d7860973dbed62;Extract Method;[u'com.facebook.presto.testing.LocalQueryRunner', u'com.facebook.presto.testing.LocalQueryRunner.createDrivers', u'com.facebook.presto.testing.LocalQueryRunner', u'com.facebook.presto.testing.LocalQueryRunner.createDrivers'];2850;inserted