bug_type;bug_id;commit_hash_bug;commit_hash_ref;considered_commits;date_commit_bug;date_commit_refactoring;diff_in_days;distance;el;ending_commit;is_root_canal;ref_hash_id;ref_type;scope;starting_commit;type
functional;3634;411d1b70b8a72e08c34818dc734977e0a07b8872;0cd162b63bf58e1ea222246f1b1655180dd5a411;[u'6c000e85e16a90d6a27983bc81c8f62a5e1cca2e', u'31d80c00e8dbd862e1de2276ecb09006cd98846b', u'4fb136d8c68cdee3ac80e2490b6d67b1b3433c13', u'8bae7cffa26619739400b86cdae04d014af39a93', u'd5ef90671c5c1dd03ed00a755df797a0731a72bf', u'ba1b7ec2e976da528e496b19edf6f16dcd1f8ff3', u'ed824068e216a52cc696569b80126dd2639eedf9', u'6c9dac8af848beceff050430ae2d0c0ef2f3fc49', u'01217c2da76b308648ff3ab5fffb6a79ccb75468', u'9e6e461e8a18e9d7ada381c5ec3e7568559831b5', u'3dd03e5ca45e59d58cc17dd2ae94226e26b31a9b'];05/03/08 22:16;25/08/06 23:12;557;11;org.apache.derby.impl.sql.compile.GroupByNode.addNewColumnsForAggregation();4115;;386b7f77ffe57bdcd13b594f8656375f;Extract Method;[u'org.apache.derby.impl.sql.compile.GroupByNode', u'org.apache.derby.impl.sql.compile.GroupByNode.addNewColumnsForAggregation()', u'org.apache.derby.impl.sql.compile.GroupByNode.addUnAggColumns()', u'org.apache.derby.impl.sql.compile.GroupByNode.addNewColumnsForAggregation()', u'org.apache.derby.impl.sql.compile.GroupByNode'];1849;inserted
functional;3634;411d1b70b8a72e08c34818dc734977e0a07b8872;0cd162b63bf58e1ea222246f1b1655180dd5a411;[u'6c000e85e16a90d6a27983bc81c8f62a5e1cca2e', u'31d80c00e8dbd862e1de2276ecb09006cd98846b', u'4fb136d8c68cdee3ac80e2490b6d67b1b3433c13', u'8bae7cffa26619739400b86cdae04d014af39a93', u'd5ef90671c5c1dd03ed00a755df797a0731a72bf', u'ba1b7ec2e976da528e496b19edf6f16dcd1f8ff3', u'ed824068e216a52cc696569b80126dd2639eedf9', u'6c9dac8af848beceff050430ae2d0c0ef2f3fc49', u'01217c2da76b308648ff3ab5fffb6a79ccb75468', u'9e6e461e8a18e9d7ada381c5ec3e7568559831b5', u'3dd03e5ca45e59d58cc17dd2ae94226e26b31a9b'];05/03/08 22:16;25/08/06 23:12;557;11;org.apache.derby.impl.sql.compile.GroupByNode.addNewColumnsForAggregation();4115;FALSE;a29f7d3b53fd8b7544ec596f0988272d;Extract Method;[u'org.apache.derby.impl.sql.compile.GroupByNode', u'org.apache.derby.impl.sql.compile.GroupByNode.addNewColumnsForAggregation()', u'org.apache.derby.impl.sql.compile.GroupByNode.addAggregateColumns()', u'org.apache.derby.impl.sql.compile.GroupByNode.addNewColumnsForAggregation()', u'org.apache.derby.impl.sql.compile.GroupByNode'];1849;inserted
functional;4071;31d80c00e8dbd862e1de2276ecb09006cd98846b;0cd162b63bf58e1ea222246f1b1655180dd5a411;[u'6c000e85e16a90d6a27983bc81c8f62a5e1cca2e', u'31d80c00e8dbd862e1de2276ecb09006cd98846b', u'4fb136d8c68cdee3ac80e2490b6d67b1b3433c13', u'8bae7cffa26619739400b86cdae04d014af39a93', u'd5ef90671c5c1dd03ed00a755df797a0731a72bf', u'ba1b7ec2e976da528e496b19edf6f16dcd1f8ff3', u'ed824068e216a52cc696569b80126dd2639eedf9', u'6c9dac8af848beceff050430ae2d0c0ef2f3fc49', u'01217c2da76b308648ff3ab5fffb6a79ccb75468', u'9e6e461e8a18e9d7ada381c5ec3e7568559831b5', u'3dd03e5ca45e59d58cc17dd2ae94226e26b31a9b'];29/02/08 04:24;25/08/06 23:12;552;11;org.apache.derby.impl.sql.compile.GroupByNode.addNewColumnsForAggregation();4059;;386b7f77ffe57bdcd13b594f8656375f;Extract Method;[u'org.apache.derby.impl.sql.compile.GroupByNode', u'org.apache.derby.impl.sql.compile.GroupByNode.addNewColumnsForAggregation()', u'org.apache.derby.impl.sql.compile.GroupByNode.addUnAggColumns()', u'org.apache.derby.impl.sql.compile.GroupByNode.addNewColumnsForAggregation()', u'org.apache.derby.impl.sql.compile.GroupByNode'];1849;inserted
functional;4071;31d80c00e8dbd862e1de2276ecb09006cd98846b;0cd162b63bf58e1ea222246f1b1655180dd5a411;[u'6c000e85e16a90d6a27983bc81c8f62a5e1cca2e', u'31d80c00e8dbd862e1de2276ecb09006cd98846b', u'4fb136d8c68cdee3ac80e2490b6d67b1b3433c13', u'8bae7cffa26619739400b86cdae04d014af39a93', u'd5ef90671c5c1dd03ed00a755df797a0731a72bf', u'ba1b7ec2e976da528e496b19edf6f16dcd1f8ff3', u'ed824068e216a52cc696569b80126dd2639eedf9', u'6c9dac8af848beceff050430ae2d0c0ef2f3fc49', u'01217c2da76b308648ff3ab5fffb6a79ccb75468', u'9e6e461e8a18e9d7ada381c5ec3e7568559831b5', u'3dd03e5ca45e59d58cc17dd2ae94226e26b31a9b'];29/02/08 04:24;25/08/06 23:12;552;11;org.apache.derby.impl.sql.compile.GroupByNode.addNewColumnsForAggregation();4059;FALSE;a29f7d3b53fd8b7544ec596f0988272d;Extract Method;[u'org.apache.derby.impl.sql.compile.GroupByNode', u'org.apache.derby.impl.sql.compile.GroupByNode.addNewColumnsForAggregation()', u'org.apache.derby.impl.sql.compile.GroupByNode.addAggregateColumns()', u'org.apache.derby.impl.sql.compile.GroupByNode.addNewColumnsForAggregation()', u'org.apache.derby.impl.sql.compile.GroupByNode'];1849;inserted
performance;3571;61aec235b373c74bd3615b86f7bf889feedb56e9;d387dac7bdcd94ca7365210da70245cc893423c7;[u'cb82751ddf471226575836742f3566e5591409ac', u'88a210955f6d68e57f3cc620d142309e2e4accdc', u'd5061702c7644fa98090bdc4c4143298fef463df', u'6e73e72542e3128da3ee04d0b215709bc6f41b81', u'90f16141b17352af5c934f3cf8bdbbb90c40624e', u'b2d40958d709a57c505513596776315f06b96c46', u'dd7d579b5d0f0ac29b099471cf355031afda8def', u'e65b4db83c2369831caa8ab2fb6a38837111fb9b', u'3a3105b7aecd7433250d5ea1ae78ae884598a948', u'7680ab7350a3437bdce6c1d5a6fe9afa29e2a946', u'5d14a2cad5fa22b2df9d1e08488c29a8bba70b2e', u'ad94e28dc0acce4d52718138ead8f8f56f454cf3', u'1022f8fcc006c2e377676044aa02d93dccc69e44', u'd51b773e809675ec46ab03214646f6ba68cd2def', u'6b0118a9823c83894c081938ca56aa0b076a66ef', u'b2bb8cddf43743787d78bb7844d99625ad645c05', u'64b55c2622cf2180864d3b4964b9250f9c407b6e', u'89459c8f64cd5dc864ffb620739ffc8c958f55e5', u'10b9cb1bcb36acc792275f1e9a28436dfb7cb71e', u'c24731593546e9c647c7432d448c450842cc2471', u'5fc38c4d2c35acdff07e834f303e7703cf0838b8', u'cff2860a8202b734c1aa63ecc0f98cfcacb611ef', u'8d6d99d428483ef302af894848cbf29658d7c60e', u'69d1cb892d0e91cefd12d0763259b4b13383fa8a', u'c5114100266043487034293f0a71783af40809e2', u'8ecffddaa1c0e581670d21d898577304f78f6511', u'57154353babe11ac6a653752c856f2af84fbfe63', u'8629a0fb3925e729ab7054d76893e65f3cb1eaf5', u'59bf37d1e5900b2fd0b6028ed8c006435d3dac9e', u'31f29a4bb5e9e1901e11555251e1fa68f13a5c1e', u'a1c5d5f0f4dbce02e29831beda9fa146c5f0794f', u'5e883125d27efabb464aca297d0713f5a6ff8570', u'4777f5c2bfb84e169db4450cae4feaed993e061c', u'a7a9dd727dc3ae917b3eb162a00077b56a06f660', u'956354d07b88d6d8919d52eed2e97d1114646e0c', u'320777fdd8427811e3aa3e89b3e9988e19198615', u'1d87ff4dc2577ecebc181032636eecd36cb716b5', u'c6390ccc7df7636645c1bd13baef88c88df5ef77'];04/05/07 16:32;15/09/05 19:40;595;38;org.apache.derby.client.am.ResultSet.closeX();2901;TRUE;c85d8c067cb7a8209d77fc62dfd62ba2;Extract Method;[u'org.apache.derby.client.am.ResultSet.closeX()', u'org.apache.derby.client.am.ResultSet', u'org.apache.derby.client.am.ResultSet.closeX()', u'org.apache.derby.client.am.ResultSet.markClosed(boolean)', u'org.apache.derby.client.am.ResultSet'];591;inserted
functional;5459;de0d25847053b657022d14a57d77ab4e6cb4a092;966d860030637c7a96953f4b152b0052119358a6;[u'f0dcf0bb2bd5b4ff92d83e2c57d14611c9942af1', u'9ce79e7d9a531bb85c3b5200f8c4b36c652adcfe', u'4b9c0f513d805f85f5375702a9849acf26eb0d51', u'59e52255775d3e3850bc4f8574a2af3f2ff3dd0b', u'6eb504290552561e19e2d314d273250a5522daad', u'438349641994471097b4da6748b86a9e5c757054', u'f0b08709a5c4cd942482f03b5d5451f4510fc375', u'a10e45696717ac4bda6f49d53412a9edcf146c5f', u'41f1df99078e39e213c5d4c3af3200f8c45cc7bf', u'7df5ffe3233896bac308efd4012a0dfa2d6d6530', u'a0118e1cf57e34ec548bd877935fd9fdfeba3858', u'2e4a36fcb0227b18d2e61ab48327e33b6d25c4a9', u'aadfd4269ad537834caa44838f197e89102fad65', u'f98efa1a7266d755a833cfb221231df4e10af33e', u'4e3b1b6bc1bd896dbd242bfaef2359402edbbd7b', u'788599fc06cc693c8c193e96465e54b6ab9ab0cc', u'ce68ae0584f5d68216c9b68d90c1b39e45d6f198', u'aaea35714b16a9df552eb9d0d624d9404763f92e', u'fd8a779db6f72b9972534c8e69a2018f60c7ee47', u'd6209a80ac5e53d27bd4157202f6397ca6b6c250', u'5e883125d27efabb464aca297d0713f5a6ff8570', u'3634d6eff239c4388442db7399f3e4445b3d74e6', u'9085abbbef3a3510718355ad050d319d6c48122c', u'803c7d07414dbdfffdd7937a8ad18dde6012c220', u'181c1277491cb6e2e16fb16674e8663b0632a490', u'fdfc981eca3e48933bcf1bd46e994fcfb47f705f', u'82c7dde0566c7b457f3906cdc8bd5062ecdaa09d', u'6b509650698ec67d4ddc5cbae50008c6af9390a0', u'375d4a0157eea9aa1ffe1edbe8a4535839f38511', u'ee2a8604ec688264529348558c0109707e41a084', u'efb1bd262641361dd20754a0b4bce13255c55b55', u'2e4a44ee331251458ee6be6a67ec77275768b525', u'c050ed4389184bd98d905532a3c1ad5a2c6c6862', u'1e8a20fb6de5a3372789860f4bf596a90103f4a7'];03/07/09 21:47;24/12/04 03:20;1652;34;org.apache.derby.impl.drda.DRDAStatement.prepare(String);4969;TRUE;c95175ebf4bf020a8ba1f9d386aaf0f2;Extract Method;[u'org.apache.derby.impl.drda.DRDAStatement', u'org.apache.derby.impl.drda.DRDAStatement.prepare(String)', u'org.apache.derby.impl.drda.DRDAStatement.prepare(String)', u'org.apache.derby.impl.drda.DRDAStatement.prepareStatementJDBC3(String,int,int,int)', u'org.apache.derby.impl.drda.DRDAStatement'];117;inserted
functional;5459;de0d25847053b657022d14a57d77ab4e6cb4a092;966d860030637c7a96953f4b152b0052119358a6;[u'788599fc06cc693c8c193e96465e54b6ab9ab0cc', u'90731d50069e5b406dc9cb22d7a9a2163a41910f', u'4d34a23485cb806af8de4b7b11c92e4a47b18637', u'd2989b7c8e85d8e5237ca2f36344eb4f163a426b', u'37c3287be6175f5e9a625cee7fb5adc2e9e8620b', u'3a3105b7aecd7433250d5ea1ae78ae884598a948', u'673d33b5c09502eae10b7015bd29513061c85326', u'41f1df99078e39e213c5d4c3af3200f8c45cc7bf', u'b001c685ae3ff26d895c9f5d6654a0660b078b7a', u'456b8a1c54a3f0f035203f68d5e67ea0fd02e301', u'2abb2b2c1552b896917eff542578b56742e0a561', u'696377a1135ffe62b2cb75dd69c5ea2f9450f6b5', u'aeb14c3879140eb4ad5ceab2f7eebb80ada4d93d', u'5e883125d27efabb464aca297d0713f5a6ff8570', u'353e6d46c51065d0f6fb7a05e2510463b9375c48', u'25dfe8ce81dec305d5a8fcd9c0c6dee3f433efdf', u'aeec385bff6226e430e55d254ebaf8d79e6ebacc', u'99422a7c886f520e895e8e2c2a6c2410a7766a5d', u'fefd864fc2675fe51a8f60e4deaf1d9a0b2c4875', u'00077a4fe46431e868d50d52aeabf9ef00f3ac91', u'4d416238a7fbc3b3f8d09e3d3d7faeff93ca4fe8', u'27e2c4b96fbf83274179f04c70aad6f7a9d58916', u'375d4a0157eea9aa1ffe1edbe8a4535839f38511', u'1a4ea31f0900f1da3ebf848c0cc43d11b87563c0', u'd6948ead68d89dbafeba25fb27184ee2ad9dbff4', u'9ce79e7d9a531bb85c3b5200f8c4b36c652adcfe', u'4b9c0f513d805f85f5375702a9849acf26eb0d51', u'489a05c28a05431d399f9a30150a04ab72db361e', u'93cfc7f845b18b46b36648c3031d99257c8f9b04', u'4e091b6380224d13681c4df1d8f164a4dfba12ec', u'7df5ffe3233896bac308efd4012a0dfa2d6d6530', u'a36fdb788ce7b9f2bec78784e44dc11150571af2', u'8c6847db3df296d247994746aed065d18a85ff84', u'c24731593546e9c647c7432d448c450842cc2471', u'34a7cbefa394ab5d8565ce5a7d4fd18b4724a54a', u'9085abbbef3a3510718355ad050d319d6c48122c', u'dd5a87206656f0ce8e569bd8e1d4ec113f8ddb5c', u'cf3c4cb4ba8eec73d3b133f9e0470a26e3827588', u'a376274d0ff7cc75649fdc87cc3bb19584140f0f', u'99870c5dda1ed6a521ef4d142484696e13bbfbed', u'b4e48e9cd321778516d08d67d74d10bc643d8089', u'803c7d07414dbdfffdd7937a8ad18dde6012c220', u'09b38be4a5f319faa8aa2cff7145ce3c574a430e', u'07ae282a9ee48201290a6e7f8922da4077358382', u'7233e3346ec2acad4a9ccd4e66ea09694856641b', u'149fa347accc6f5041e3839f004036e1705fd75d', u'b01ccf59fd44fc8dceea445934b2102ecffab6e8', u'ee2a8604ec688264529348558c0109707e41a084', u'3a907e007914e2316adcb3e0ec7446374da5aeaf', u'6c9dac8af848beceff050430ae2d0c0ef2f3fc49', u'1e8a20fb6de5a3372789860f4bf596a90103f4a7', u'3f89d24a816711136c6a4833d8746a4286f4e46b', u'59e52255775d3e3850bc4f8574a2af3f2ff3dd0b', u'438349641994471097b4da6748b86a9e5c757054', u'f0b08709a5c4cd942482f03b5d5451f4510fc375', u'585cf5c93038ca60a564e50cf9228e2d8a50f6b8', u'1f718563897ea60d83c37801d423a9b120cc2ea0', u'a10e45696717ac4bda6f49d53412a9edcf146c5f', u'4d2936b48d65a440d3f6443b362d9fa8fbb6a312', u'aadfd4269ad537834caa44838f197e89102fad65', u'4abfe240b1f0d0eac5a66847c4ee9ab2a5f46a28', u'aaea35714b16a9df552eb9d0d624d9404763f92e', u'3d3820dd083b59a846df471ebae0b54b70393061', u'57caf2511e022c1d5ee492c7b96de8b1de4cbfbe', u'2f5ca5ebb15261004a94c866aca5d5da9a183f7d', u'cd24ce30405c42deef8707a14ab4aa609bd3bd94', u'1ab256e5c743703f66f30b81b30558a5213cdc80', u'7162519d2798c210b33f17fec960f79b6cb74fad', u'43592363c669b58b6c64d11df587cb100bb343cc', u'5ad71053a597c3e0723016a810f91a9e7f269c16', u'504e4296e69eb0bb0b4d67f8a41a43d2489715d9', u'7fba0e1d92c1e9bfccedc7fba442fdff813307ea', u'2e4a44ee331251458ee6be6a67ec77275768b525', u'c050ed4389184bd98d905532a3c1ad5a2c6c6862', u'6eb504290552561e19e2d314d273250a5522daad', u'669492d570100a818463a07d96fbcd2171f1ad06', u'7d6219fc2a5905d3f355ba8fc1ed2d01998726ba', u'977561c9de22d12b40a3a2f79a8df22ba7fc7752', u'62e00e16d50ec90b76b8c0fcfb7f94e968990958', u'1b7b14f69c5269699ecb1a25f8188f33a7ea8873', u'2e4a36fcb0227b18d2e61ab48327e33b6d25c4a9', u'aaf9dfd2eafe5a0a00c959db028306a206d45d9c', u'974609a65b1c41d30793ce9d4ec7126ff9bfff37', u'b75cf01cb9d64f323020473b81a19e55fc0529be', u'b672fd0e29a9e70ebbb228866e628666d41f1a8c', u'30293196100ee815e62e1b2cfc703c2d9b860577', u'd6209a80ac5e53d27bd4157202f6397ca6b6c250', u'3634d6eff239c4388442db7399f3e4445b3d74e6', u'f3ab04f35dde0f944acdac272f2e4742f65a89d0', u'cb29d72648bebee5311134077f2173f5640a247d', u'a2be028f669c524249c836b8bc147988f098ca3d', u'1d6c1a5b1a13ce1bcd3805b9c2c65b42e94bea25', u'5855202432205ed08fdb6e2c71dccd03bfb2e66c', u'9ab36fe5be3632bbd1703a025618a585f0db4a57', u'c6c4d4de6412a61475b671cbe61a6f67e02e6a60', u'92c50e578ebfa1c6084aa36f8a772767873068fd', u'c8ceb5f03910cd0c0b7518d73b45c1a12683d5c4', u'98ead91ee956adbeb043ba3e6deaa5818b95fcef', u'ad7199e8764dbd17e50d839062b39cdc6f749e08'];03/07/09 21:47;24/12/04 03:20;1652;99;org.apache.derby.impl.drda.DRDAConnThread.processCommands();4969;;a7c86cc13bda3720b14afd540d88aedf;Extract Method;[u'org.apache.derby.impl.drda.DRDAConnThread', u'org.apache.derby.impl.drda.DRDAConnThread.processCommands()', u'org.apache.derby.impl.drda.DRDAConnThread', u'org.apache.derby.impl.drda.DRDAConnThread.parseDRDAConnection()', u'org.apache.derby.impl.drda.DRDAConnThread.processCommands()'];117;inserted
functional;5459;de0d25847053b657022d14a57d77ab4e6cb4a092;24e020498f0ebbe569eefcc52ea59b1ec8eb3bc9;[u'788599fc06cc693c8c193e96465e54b6ab9ab0cc', u'90731d50069e5b406dc9cb22d7a9a2163a41910f', u'4d34a23485cb806af8de4b7b11c92e4a47b18637', u'd2989b7c8e85d8e5237ca2f36344eb4f163a426b', u'37c3287be6175f5e9a625cee7fb5adc2e9e8620b', u'3a3105b7aecd7433250d5ea1ae78ae884598a948', u'673d33b5c09502eae10b7015bd29513061c85326', u'41f1df99078e39e213c5d4c3af3200f8c45cc7bf', u'd7258ed34662ba357c99d7672bb8dcd921a7f94e', u'd79abcf32a77e90643667b3a117c7e00356e920f', u'b001c685ae3ff26d895c9f5d6654a0660b078b7a', u'456b8a1c54a3f0f035203f68d5e67ea0fd02e301', u'2abb2b2c1552b896917eff542578b56742e0a561', u'696377a1135ffe62b2cb75dd69c5ea2f9450f6b5', u'aeb14c3879140eb4ad5ceab2f7eebb80ada4d93d', u'5e883125d27efabb464aca297d0713f5a6ff8570', u'353e6d46c51065d0f6fb7a05e2510463b9375c48', u'25dfe8ce81dec305d5a8fcd9c0c6dee3f433efdf', u'aeec385bff6226e430e55d254ebaf8d79e6ebacc', u'99422a7c886f520e895e8e2c2a6c2410a7766a5d', u'fefd864fc2675fe51a8f60e4deaf1d9a0b2c4875', u'00077a4fe46431e868d50d52aeabf9ef00f3ac91', u'4d416238a7fbc3b3f8d09e3d3d7faeff93ca4fe8', u'27e2c4b96fbf83274179f04c70aad6f7a9d58916', u'375d4a0157eea9aa1ffe1edbe8a4535839f38511', u'1a4ea31f0900f1da3ebf848c0cc43d11b87563c0', u'd6948ead68d89dbafeba25fb27184ee2ad9dbff4', u'9ce79e7d9a531bb85c3b5200f8c4b36c652adcfe', u'4b9c0f513d805f85f5375702a9849acf26eb0d51', u'489a05c28a05431d399f9a30150a04ab72db361e', u'93cfc7f845b18b46b36648c3031d99257c8f9b04', u'4e091b6380224d13681c4df1d8f164a4dfba12ec', u'7df5ffe3233896bac308efd4012a0dfa2d6d6530', u'a36fdb788ce7b9f2bec78784e44dc11150571af2', u'a2be028f669c524249c836b8bc147988f098ca3d', u'c24731593546e9c647c7432d448c450842cc2471', u'34a7cbefa394ab5d8565ce5a7d4fd18b4724a54a', u'9085abbbef3a3510718355ad050d319d6c48122c', u'141cd3115a43bf3e1858a7dbfe1b64a7b0e2346b', u'dd5a87206656f0ce8e569bd8e1d4ec113f8ddb5c', u'cf3c4cb4ba8eec73d3b133f9e0470a26e3827588', u'a376274d0ff7cc75649fdc87cc3bb19584140f0f', u'99870c5dda1ed6a521ef4d142484696e13bbfbed', u'b4e48e9cd321778516d08d67d74d10bc643d8089', u'803c7d07414dbdfffdd7937a8ad18dde6012c220', u'09b38be4a5f319faa8aa2cff7145ce3c574a430e', u'07ae282a9ee48201290a6e7f8922da4077358382', u'7233e3346ec2acad4a9ccd4e66ea09694856641b', u'149fa347accc6f5041e3839f004036e1705fd75d', u'b01ccf59fd44fc8dceea445934b2102ecffab6e8', u'ee2a8604ec688264529348558c0109707e41a084', u'3a907e007914e2316adcb3e0ec7446374da5aeaf', u'6c9dac8af848beceff050430ae2d0c0ef2f3fc49', u'1e8a20fb6de5a3372789860f4bf596a90103f4a7', u'3f89d24a816711136c6a4833d8746a4286f4e46b', u'59e52255775d3e3850bc4f8574a2af3f2ff3dd0b', u'438349641994471097b4da6748b86a9e5c757054', u'f0b08709a5c4cd942482f03b5d5451f4510fc375', u'585cf5c93038ca60a564e50cf9228e2d8a50f6b8', u'1f718563897ea60d83c37801d423a9b120cc2ea0', u'a10e45696717ac4bda6f49d53412a9edcf146c5f', u'4d2936b48d65a440d3f6443b362d9fa8fbb6a312', u'aadfd4269ad537834caa44838f197e89102fad65', u'4abfe240b1f0d0eac5a66847c4ee9ab2a5f46a28', u'aaea35714b16a9df552eb9d0d624d9404763f92e', u'3d3820dd083b59a846df471ebae0b54b70393061', u'57caf2511e022c1d5ee492c7b96de8b1de4cbfbe', u'2f5ca5ebb15261004a94c866aca5d5da9a183f7d', u'cd24ce30405c42deef8707a14ab4aa609bd3bd94', u'1ab256e5c743703f66f30b81b30558a5213cdc80', u'7162519d2798c210b33f17fec960f79b6cb74fad', u'43592363c669b58b6c64d11df587cb100bb343cc', u'5ad71053a597c3e0723016a810f91a9e7f269c16', u'504e4296e69eb0bb0b4d67f8a41a43d2489715d9', u'7fba0e1d92c1e9bfccedc7fba442fdff813307ea', u'2e4a44ee331251458ee6be6a67ec77275768b525', u'c050ed4389184bd98d905532a3c1ad5a2c6c6862', u'6eb504290552561e19e2d314d273250a5522daad', u'669492d570100a818463a07d96fbcd2171f1ad06', u'7d6219fc2a5905d3f355ba8fc1ed2d01998726ba', u'977561c9de22d12b40a3a2f79a8df22ba7fc7752', u'62e00e16d50ec90b76b8c0fcfb7f94e968990958', u'1b7b14f69c5269699ecb1a25f8188f33a7ea8873', u'2e4a36fcb0227b18d2e61ab48327e33b6d25c4a9', u'aaf9dfd2eafe5a0a00c959db028306a206d45d9c', u'974609a65b1c41d30793ce9d4ec7126ff9bfff37', u'b75cf01cb9d64f323020473b81a19e55fc0529be', u'119f9723040919921f2ebed625a0290ab6bbe0f5', u'b672fd0e29a9e70ebbb228866e628666d41f1a8c', u'30293196100ee815e62e1b2cfc703c2d9b860577', u'd6209a80ac5e53d27bd4157202f6397ca6b6c250', u'3634d6eff239c4388442db7399f3e4445b3d74e6', u'f3ab04f35dde0f944acdac272f2e4742f65a89d0', u'cb29d72648bebee5311134077f2173f5640a247d', u'8c6847db3df296d247994746aed065d18a85ff84', u'1d6c1a5b1a13ce1bcd3805b9c2c65b42e94bea25', u'a54b65775aeeab5f4359d67fa38ea8027c4293e2', u'5855202432205ed08fdb6e2c71dccd03bfb2e66c', u'9ab36fe5be3632bbd1703a025618a585f0db4a57', u'c6c4d4de6412a61475b671cbe61a6f67e02e6a60', u'92c50e578ebfa1c6084aa36f8a772767873068fd', u'c8ceb5f03910cd0c0b7518d73b45c1a12683d5c4', u'98ead91ee956adbeb043ba3e6deaa5818b95fcef', u'ad7199e8764dbd17e50d839062b39cdc6f749e08'];03/07/09 21:47;28/10/04 13:56;1709;104;org.apache.derby.impl.drda.DRDAConnThread.processCommands();4969;FALSE;a925d4794ae5f7bd0d328d33fbce94e9;Extract Method;[u'org.apache.derby.impl.drda.DRDAConnThread', u'org.apache.derby.impl.drda.DRDAConnThread.processCommands()', u'org.apache.derby.impl.drda.DRDAConnThread.processCommands()', u'org.apache.derby.impl.drda.DRDAConnThread', u'org.apache.derby.impl.drda.DRDAConnThread.skipRemainder(boolean)'];47;inserted
functional;5459;de0d25847053b657022d14a57d77ab4e6cb4a092;1c4f638d58e13b41a5b9192139f5d4b96b262848;[u'd6948ead68d89dbafeba25fb27184ee2ad9dbff4', u'3f89d24a816711136c6a4833d8746a4286f4e46b', u'59e52255775d3e3850bc4f8574a2af3f2ff3dd0b', u'489a05c28a05431d399f9a30150a04ab72db361e', u'6eb504290552561e19e2d314d273250a5522daad', u'93cfc7f845b18b46b36648c3031d99257c8f9b04', u'977561c9de22d12b40a3a2f79a8df22ba7fc7752', u'788599fc06cc693c8c193e96465e54b6ab9ab0cc', u'4d34a23485cb806af8de4b7b11c92e4a47b18637', u'669492d570100a818463a07d96fbcd2171f1ad06', u'7d6219fc2a5905d3f355ba8fc1ed2d01998726ba', u'd2989b7c8e85d8e5237ca2f36344eb4f163a426b', u'585cf5c93038ca60a564e50cf9228e2d8a50f6b8', u'37c3287be6175f5e9a625cee7fb5adc2e9e8620b', u'a10e45696717ac4bda6f49d53412a9edcf146c5f', u'4e091b6380224d13681c4df1d8f164a4dfba12ec', u'1b7b14f69c5269699ecb1a25f8188f33a7ea8873', u'a2be028f669c524249c836b8bc147988f098ca3d', u'aadfd4269ad537834caa44838f197e89102fad65', u'b75cf01cb9d64f323020473b81a19e55fc0529be', u'4abfe240b1f0d0eac5a66847c4ee9ab2a5f46a28', u'c24731593546e9c647c7432d448c450842cc2471', u'34a7cbefa394ab5d8565ce5a7d4fd18b4724a54a', u'b672fd0e29a9e70ebbb228866e628666d41f1a8c', u'456b8a1c54a3f0f035203f68d5e67ea0fd02e301', u'696377a1135ffe62b2cb75dd69c5ea2f9450f6b5', u'57caf2511e022c1d5ee492c7b96de8b1de4cbfbe', u'f3ab04f35dde0f944acdac272f2e4742f65a89d0', u'a376274d0ff7cc75649fdc87cc3bb19584140f0f', u'aeb14c3879140eb4ad5ceab2f7eebb80ada4d93d', u'99870c5dda1ed6a521ef4d142484696e13bbfbed', u'3634d6eff239c4388442db7399f3e4445b3d74e6', u'b4e48e9cd321778516d08d67d74d10bc643d8089', u'353e6d46c51065d0f6fb7a05e2510463b9375c48', u'cb29d72648bebee5311134077f2173f5640a247d', u'aeec385bff6226e430e55d254ebaf8d79e6ebacc', u'99422a7c886f520e895e8e2c2a6c2410a7766a5d', u'09b38be4a5f319faa8aa2cff7145ce3c574a430e', u'1d6c1a5b1a13ce1bcd3805b9c2c65b42e94bea25', u'fefd864fc2675fe51a8f60e4deaf1d9a0b2c4875', u'00077a4fe46431e868d50d52aeabf9ef00f3ac91', u'7233e3346ec2acad4a9ccd4e66ea09694856641b', u'5855202432205ed08fdb6e2c71dccd03bfb2e66c', u'149fa347accc6f5041e3839f004036e1705fd75d', u'9ab36fe5be3632bbd1703a025618a585f0db4a57', u'c6c4d4de6412a61475b671cbe61a6f67e02e6a60', u'4d416238a7fbc3b3f8d09e3d3d7faeff93ca4fe8', u'5ad71053a597c3e0723016a810f91a9e7f269c16', u'ad7199e8764dbd17e50d839062b39cdc6f749e08', u'1ab256e5c743703f66f30b81b30558a5213cdc80', u'd6209a80ac5e53d27bd4157202f6397ca6b6c250', u'1a4ea31f0900f1da3ebf848c0cc43d11b87563c0', u'504e4296e69eb0bb0b4d67f8a41a43d2489715d9', u'7fba0e1d92c1e9bfccedc7fba442fdff813307ea', u'98ead91ee956adbeb043ba3e6deaa5818b95fcef', u'6c9dac8af848beceff050430ae2d0c0ef2f3fc49', u'c050ed4389184bd98d905532a3c1ad5a2c6c6862', u'1f718563897ea60d83c37801d423a9b120cc2ea0', u'1e8a20fb6de5a3372789860f4bf596a90103f4a7', u'92c50e578ebfa1c6084aa36f8a772767873068fd', u'3a907e007914e2316adcb3e0ec7446374da5aeaf'];03/07/09 21:47;18/04/06 00:02;1172;61;org.apache.derby.impl.drda.DRDAConnThread.processCommands();4969;TRUE;1d6e241012ce8146425b10fda3513197;Extract Method;[u'org.apache.derby.impl.drda.DRDAConnThread.processCommands()', u'org.apache.derby.impl.drda.DRDAConnThread', u'org.apache.derby.impl.drda.DRDAConnThread', u'org.apache.derby.impl.drda.DRDAConnThread.cleanUpAndCloseResultSet(DRDAStatement,SQLException,int)', u'org.apache.derby.impl.drda.DRDAConnThread.processCommands()'];1219;inserted
nao_e_bug;4426;a62e82e04888d507232c5975435dd9854d3527dd;616634fd67e652a346e2ee29d3ae77a6449b66f6;[u'0dfa31cd86db2377d6b10ab9a3766dd09299e830', u'c533cd25579eed74cb7d34c5e7b619016cbe457d', u'039729285afafbb60517281c4c6939906bc56aad', u'cd66ed9251bfbf804b35fb79aaaff331bc1d4fab', u'd5ef90671c5c1dd03ed00a755df797a0731a72bf', u'bfc59e5b3e98b77c0dd6d920ed1f0cac3fe65954', u'ccee53153f7d8df04a495eb1cab2b3d435b38c91', u'97a8b1c7a5588e221447147cd0bab588dfbbe7db', u'860148c24c4973d1c029d0f69851efdf248dd0aa', u'0958c84ffda9ed45e9d8ecc8baa8f40ce3f3919f'];06/08/09 01:40;14/12/06 19:25;965;10;org.apache.derby.impl.sql.compile.InsertNode.bindStatement();5004;FALSE;86a1534742175be379ad63ec8e4ed40c;Extract Method;[u'org.apache.derby.impl.sql.compile.InsertNode.bindStatement()', u'org.apache.derby.impl.sql.compile.InsertNode', u'org.apache.derby.impl.sql.compile.InsertNode.bindStatement()', u'org.apache.derby.impl.sql.compile.InsertNode', u'org.apache.derby.impl.sql.compile.InsertNode.enhanceAndCheckForAutoincrement(ResultSetNode,boolean,int,int,DataDictionary,TableDescriptor,FromVTI)'];2269;inserted
robustness;4741;078bb79251917c087f3503806cd15f940dc13ad0;f4c7bc05cccb6d8ea040bb32b3166b942891a942;[u'c9346829698135a60357af0f67588bb07b51d130', u'4f278dd37004fb8f3e2b1886d15d4a8f362228ad', u'5b2b352af9f40aa884d538e301a4405a9a2685b5', u'd52f87850ee1d446f9dc9cc99b3dd4ebbcd9ebed', u'6b0118a9823c83894c081938ca56aa0b076a66ef', u'd45f7d3f42f8e49b5dfb260962c27b2ddc882627', u'c6012226c0210b8e2b231f517a03b91aaf8b0e2b', u'7e374135c0e4e42b2dc6406b54cd015f34d6ca44', u'a660147e652b072893aa9ab317e7e1d48796d222', u'94f158a5fb1169dee6c754e3b2c271dda5c88f59', u'6950a390bdf86e0bf755d38da3b29d620adcd49d', u'7af672657396eff71675d2c8ec87336e45a66a2a', u'69d1cb892d0e91cefd12d0763259b4b13383fa8a', u'fade7e973fe4de9706c7dc940def98548c1ff841', u'c5114100266043487034293f0a71783af40809e2', u'f62cb688bdc6b02e1939a97d357e62eb881f7ea5', u'10cc70bcc00febcc1aa0d6dcef2f959c4e930c64', u'88a3cb976f3d6eabe388bd331f341e4f18fbdfdd', u'7478b0dd7a23854743fe4b235db3b3c0b68a250c', u'57154353babe11ac6a653752c856f2af84fbfe63', u'f512b2fccfeba10412dcb1115a595de19977d24d', u'e3883f5f2cf307dea098580203f30ed1b9040adc', u'926e1c6f97778e8d14553db246f962fa65a772eb', u'2f015be9439bd16f76626b9eae13016feeb648c8', u'b408ff8d0b2eb1e57b6223f0b3b5efe66a018826', u'242c9bda1c1d17214c7658796d4b08809bdad2db', u'886b5f8c2779f7a2e855244634fb543321d3e33e', u'e24d8efb35a3a2a30a69c60dba6b23e117d6bd86', u'1e8a20fb6de5a3372789860f4bf596a90103f4a7', u'274e189e147e576b837e016a5486c2afd4a83455', u'41d3af8a225991404cf2aebcd3ea5bea09ad4dd2', u'e836c591a9144225377d1b81722c1dda08616339', u'9f0f05d5e958f9425c0e1366e8e6b844e03c6e39', u'329f167792fd8634e0c88cb5d556a89e7daba825', u'dbfbecb4f623e5e1f8120fa27b1dd5d68173e931', u'1a4ea31f0900f1da3ebf848c0cc43d11b87563c0', u'504e4296e69eb0bb0b4d67f8a41a43d2489715d9', u'7672693c21882a41cc101b250e9ebe8357019a10', u'6c9dac8af848beceff050430ae2d0c0ef2f3fc49', u'6f4c92afbac066d443ee2aab2d75990a04412a22', u'4ef86215d9ba1ea0ba01046888fd4119f7bd65ea', u'a1c5d5f0f4dbce02e29831beda9fa146c5f0794f', u'365746274aa79d778c404f6185f0fa401a592195', u'de3b10877b7aae812b94c6999b295a5a8365a07a'];03/12/09 15:53;14/05/06 07:32;1299;44;org.apache.derby.impl.jdbc.EmbedResultSet.moveToInsertRow();5139;FALSE;dd221529504c674935c78ce785a1094c;Extract Method;[u'org.apache.derby.impl.jdbc.EmbedResultSet', u'org.apache.derby.impl.jdbc.EmbedResultSet.moveToInsertRow()', u'org.apache.derby.impl.jdbc.EmbedResultSet.moveToInsertRow()', u'org.apache.derby.impl.jdbc.EmbedResultSet', u'org.apache.derby.impl.jdbc.EmbedResultSet.initializeUpdateRowModifiers()'];1330;inserted
robustness;4741;078bb79251917c087f3503806cd15f940dc13ad0;020c39e42181f3c409afab81f04c5a4449884c0b;[u'926e1c6f97778e8d14553db246f962fa65a772eb', u'b57ee34e47320aa77f1c86735db6f4db333c1644', u'c9346829698135a60357af0f67588bb07b51d130', u'65ade681662ee778151301c235f73f86955d662d', u'6c9dac8af848beceff050430ae2d0c0ef2f3fc49', u'5b2b352af9f40aa884d538e301a4405a9a2685b5', u'1373f5a6f57abef4e9748674c3516872e5a8ef30', u'6b509650698ec67d4ddc5cbae50008c6af9390a0', u'e65be5ba5e43c631b6b4fcdaef121b6ed899b45a', u'0c13195ec16e6e2b3e82c0157601a83c58358049', u'2a6e45926e202aeffafec858d16d2f7b71d0fbfd', u'd52f87850ee1d446f9dc9cc99b3dd4ebbcd9ebed', u'6b0118a9823c83894c081938ca56aa0b076a66ef', u'd45f7d3f42f8e49b5dfb260962c27b2ddc882627', u'c6012226c0210b8e2b231f517a03b91aaf8b0e2b', u'7e374135c0e4e42b2dc6406b54cd015f34d6ca44', u'5087be8daf12bae37969533dbe11d8564b541895', u'3bfb5f07f11d7a77ea973c80928fa7409bec0646', u'3fcea8a68044fee4bd9fbef4edabb4a2afa14a6f', u'94f158a5fb1169dee6c754e3b2c271dda5c88f59', u'91fb0f817218b8f39c7449059d0f092cd447bcdf', u'f62cb688bdc6b02e1939a97d357e62eb881f7ea5', u'6950a390bdf86e0bf755d38da3b29d620adcd49d', u'8d6d99d428483ef302af894848cbf29658d7c60e', u'aaea35714b16a9df552eb9d0d624d9404763f92e', u'5781f54d8f0cf7f4fb049878f4ec849cffffc91b', u'c5114100266043487034293f0a71783af40809e2', u'5bffaa5919a7e4fbb864a5f04ad84eef7a2e533f', u'660d73805a226d8e511cacd286dd2552c32a4192', u'886b5f8c2779f7a2e855244634fb543321d3e33e', u'c56ecebc0c58f164df92aa8266331b4868a70388', u'365746274aa79d778c404f6185f0fa401a592195', u'7478b0dd7a23854743fe4b235db3b3c0b68a250c', u'f512b2fccfeba10412dcb1115a595de19977d24d', u'69d1cb892d0e91cefd12d0763259b4b13383fa8a', u'57154353babe11ac6a653752c856f2af84fbfe63', u'19f33c647f7aa16f405656c12fa693331ee50dd8', u'fade7e973fe4de9706c7dc940def98548c1ff841', u'10cc70bcc00febcc1aa0d6dcef2f959c4e930c64', u'72cc553200ee85d4f9093b6236f84a28292e5060', u'45075ccac34f2c5e5306299b2a3c6bb11ac10abd', u'e3883f5f2cf307dea098580203f30ed1b9040adc', u'deb9b45bda9062b8e47eaf434f0107ca8f299c8a', u'4dbb0ff3bd01b57c299784c7ee1cd5567c8b3046', u'b408ff8d0b2eb1e57b6223f0b3b5efe66a018826', u'4f278dd37004fb8f3e2b1886d15d4a8f362228ad', u'242c9bda1c1d17214c7658796d4b08809bdad2db', u'28030d7074a2270fca2d7e86a49f9a56a5bbfc13', u'e24d8efb35a3a2a30a69c60dba6b23e117d6bd86', u'1e8a20fb6de5a3372789860f4bf596a90103f4a7', u'274e189e147e576b837e016a5486c2afd4a83455', u'a660147e652b072893aa9ab317e7e1d48796d222', u'31f29a4bb5e9e1901e11555251e1fa68f13a5c1e', u'41d3af8a225991404cf2aebcd3ea5bea09ad4dd2', u'a1c5d5f0f4dbce02e29831beda9fa146c5f0794f', u'e836c591a9144225377d1b81722c1dda08616339', u'2700e3d8f1dafc729d4b36a560f80e76f46dd4d7', u'2f015be9439bd16f76626b9eae13016feeb648c8', u'329f167792fd8634e0c88cb5d556a89e7daba825', u'de3b10877b7aae812b94c6999b295a5a8365a07a', u'5c2052228701159ed1d6b67fa2754c230e4d227c', u'dbfbecb4f623e5e1f8120fa27b1dd5d68173e931', u'a7a9dd727dc3ae917b3eb162a00077b56a06f660', u'27fc0da4ede9f4e5acb3da1d7f4072feaa34760c', u'1a4ea31f0900f1da3ebf848c0cc43d11b87563c0', u'504e4296e69eb0bb0b4d67f8a41a43d2489715d9', u'7672693c21882a41cc101b250e9ebe8357019a10', u'88a3cb976f3d6eabe388bd331f341e4f18fbdfdd', u'c7d6c7586a306cf23696cfe1b58049286b4dbaef', u'3631eb025058e64dd4b1ba4a37d35b57215500c8', u'4ef86215d9ba1ea0ba01046888fd4119f7bd65ea', u'1d87ff4dc2577ecebc181032636eecd36cb716b5', u'7af672657396eff71675d2c8ec87336e45a66a2a', u'9f0f05d5e958f9425c0e1366e8e6b844e03c6e39', u'fcf7ef387a831d3ce62b67fdd0e0f47264e76b4a', u'6f4c92afbac066d443ee2aab2d75990a04412a22', u'c6390ccc7df7636645c1bd13baef88c88df5ef77'];03/12/09 15:53;15/03/05 21:51;1723;77;org.apache.derby.impl.jdbc.EmbedResultSet.deleteRow();5139;FALSE;d189ea38f6fd0f7b8dac3261b90afa51;Extract Method;[u'org.apache.derby.impl.jdbc.EmbedResultSet.deleteRow()', u'org.apache.derby.impl.jdbc.EmbedResultSet', u'org.apache.derby.impl.jdbc.EmbedResultSet.checksBeforeUpdateOrDelete(String,int)', u'org.apache.derby.impl.jdbc.EmbedResultSet.deleteRow()', u'org.apache.derby.impl.jdbc.EmbedResultSet'];264;inserted
robustness;4741;078bb79251917c087f3503806cd15f940dc13ad0;f4c7bc05cccb6d8ea040bb32b3166b942891a942;[u'c9346829698135a60357af0f67588bb07b51d130', u'4f278dd37004fb8f3e2b1886d15d4a8f362228ad', u'5b2b352af9f40aa884d538e301a4405a9a2685b5', u'd52f87850ee1d446f9dc9cc99b3dd4ebbcd9ebed', u'6b0118a9823c83894c081938ca56aa0b076a66ef', u'd45f7d3f42f8e49b5dfb260962c27b2ddc882627', u'c6012226c0210b8e2b231f517a03b91aaf8b0e2b', u'7e374135c0e4e42b2dc6406b54cd015f34d6ca44', u'a660147e652b072893aa9ab317e7e1d48796d222', u'94f158a5fb1169dee6c754e3b2c271dda5c88f59', u'6950a390bdf86e0bf755d38da3b29d620adcd49d', u'7af672657396eff71675d2c8ec87336e45a66a2a', u'69d1cb892d0e91cefd12d0763259b4b13383fa8a', u'fade7e973fe4de9706c7dc940def98548c1ff841', u'c5114100266043487034293f0a71783af40809e2', u'f62cb688bdc6b02e1939a97d357e62eb881f7ea5', u'10cc70bcc00febcc1aa0d6dcef2f959c4e930c64', u'88a3cb976f3d6eabe388bd331f341e4f18fbdfdd', u'7478b0dd7a23854743fe4b235db3b3c0b68a250c', u'57154353babe11ac6a653752c856f2af84fbfe63', u'f512b2fccfeba10412dcb1115a595de19977d24d', u'e3883f5f2cf307dea098580203f30ed1b9040adc', u'926e1c6f97778e8d14553db246f962fa65a772eb', u'2f015be9439bd16f76626b9eae13016feeb648c8', u'b408ff8d0b2eb1e57b6223f0b3b5efe66a018826', u'242c9bda1c1d17214c7658796d4b08809bdad2db', u'886b5f8c2779f7a2e855244634fb543321d3e33e', u'e24d8efb35a3a2a30a69c60dba6b23e117d6bd86', u'1e8a20fb6de5a3372789860f4bf596a90103f4a7', u'274e189e147e576b837e016a5486c2afd4a83455', u'41d3af8a225991404cf2aebcd3ea5bea09ad4dd2', u'e836c591a9144225377d1b81722c1dda08616339', u'9f0f05d5e958f9425c0e1366e8e6b844e03c6e39', u'329f167792fd8634e0c88cb5d556a89e7daba825', u'dbfbecb4f623e5e1f8120fa27b1dd5d68173e931', u'1a4ea31f0900f1da3ebf848c0cc43d11b87563c0', u'504e4296e69eb0bb0b4d67f8a41a43d2489715d9', u'7672693c21882a41cc101b250e9ebe8357019a10', u'6c9dac8af848beceff050430ae2d0c0ef2f3fc49', u'6f4c92afbac066d443ee2aab2d75990a04412a22', u'4ef86215d9ba1ea0ba01046888fd4119f7bd65ea', u'a1c5d5f0f4dbce02e29831beda9fa146c5f0794f', u'365746274aa79d778c404f6185f0fa401a592195', u'de3b10877b7aae812b94c6999b295a5a8365a07a'];03/12/09 15:53;14/05/06 07:32;1299;44;org.apache.derby.impl.jdbc.EmbedResultSet.moveToCurrentRow();5139;FALSE;3ecc6710a79a6bde6cfcdb1b9f095ba9;Extract Method;[u'org.apache.derby.impl.jdbc.EmbedResultSet.moveToCurrentRow()', u'org.apache.derby.impl.jdbc.EmbedResultSet', u'org.apache.derby.impl.jdbc.EmbedResultSet.initializeUpdateRowModifiers()', u'org.apache.derby.impl.jdbc.EmbedResultSet.moveToCurrentRow()', u'org.apache.derby.impl.jdbc.EmbedResultSet'];1330;inserted
robustness;4741;078bb79251917c087f3503806cd15f940dc13ad0;8b0b9958fdfdb30f9fcc5b861715f7c298316d4f;[u'7478b0dd7a23854743fe4b235db3b3c0b68a250c', u'e3bd4bbd7a41dfd359596b7c3edb4f57815db4e5', u'5b2b352af9f40aa884d538e301a4405a9a2685b5', u'd2814625fdeb48ca1500c843277f19ee809946f9', u'c6012226c0210b8e2b231f517a03b91aaf8b0e2b', u'0f4ab9103ea0c4dde7b95368fec0165ed8ff2bcf', u'048eb34b71f59e90957b856bfe85199c6dd3ec4f', u'e3883f5f2cf307dea098580203f30ed1b9040adc', u'a0118e1cf57e34ec548bd877935fd9fdfeba3858', u'2f015be9439bd16f76626b9eae13016feeb648c8', u'94f158a5fb1169dee6c754e3b2c271dda5c88f59', u'88a3cb976f3d6eabe388bd331f341e4f18fbdfdd', u'6c9dac8af848beceff050430ae2d0c0ef2f3fc49', u'0568a6c127a733a3e1a69ddce10d8a801d78cdc9', u'fade7e973fe4de9706c7dc940def98548c1ff841', u'1e8a20fb6de5a3372789860f4bf596a90103f4a7', u'e836c591a9144225377d1b81722c1dda08616339', u'4f278dd37004fb8f3e2b1886d15d4a8f362228ad', u'782354ace6b60bac8e35d534ad9aa61bcf3d2593', u'365746274aa79d778c404f6185f0fa401a592195'];03/12/09 15:53;15/06/06 18:26;1266;20;org.apache.derby.impl.jdbc.EmbedStatement.executeStatement(Activation,boolean,boolean);5139;FALSE;d427e123cc5c33283b78fa2fce2afd94;Extract Method;[u'org.apache.derby.impl.jdbc.EmbedStatement.executeStatement(Activation,boolean,boolean)', u'org.apache.derby.impl.jdbc.EmbedStatement', u'org.apache.derby.impl.jdbc.EmbedStatement.executeStatement(Activation,boolean,boolean)', u'org.apache.derby.impl.jdbc.EmbedStatement.processDynamicResults(sql.ResultSet,int)', u'org.apache.derby.impl.jdbc.EmbedStatement'];1445;inserted
robustness;4741;078bb79251917c087f3503806cd15f940dc13ad0;1d2be59db73386fd797ffb7261d704820ea808bd;[u'a39c84c18f7f65e63e09a7c4e629178d636b6579', u'e5c9e58c42171da5c9b5aa9844a0ecabcfe4495d', u'3df869c3604b945e6be3d98d327196e285ed038b', u'b83e61a0c2225f4a94b3760eceefb99e20fd4e1b', u'e0f1ffe2fc7615b75e869d19af8890db0b14b68b', u'5fdf0574828d3ef1fb96c3c3dd3f3307ac28e351', u'5a9d5966ce94f344921879c3580fc63027957931', u'999d8180186b59ace83925913178d456fb0dc3a3', u'78aeb85e965d57246864d956b99a3e64f8afa89a', u'74c2b8d9ab0753b0660f774abddefabc48823d03', u'eba07fcf99584e5af5fdb710f71bf8627c4d414c', u'6b1417215044752245ee6338aa10d63d059834ed', u'3ca3bd453ff91f7cca80cc202f3724350b2027d4', u'ca1a8f26a79f77578dac6863062d7e904cfa5a34', u'6264d1e3cb56fc0f0bfda04e19f871d4bef504b4', u'89c881d13a824d76988e8d4362f7f9e4edb430fa', u'c61536a1369c193af6708dcad8ca2cb468a9c7b5', u'8fcae923b6caec345c0853b33010dad64b1e37e5', u'305a6e62aae7e99355d5803d44072fa217c207a3', u'7a5b1d07853497727812cc9ada20209eea7b6a77', u'52b11faf5f2949be3165aeb4c5fcdf31d8f3e28a', u'985662bca2586f1c5524db81d682eb73a98c9767', u'8e20531bb20ef1e700c7a66bd440d425622763a1', u'c40688b674624b92b27c7336072d767982dc1873', u'ee7f66845e2f5e9f03bc461caa3da74a390b580f', u'3fcebdda05e2c9a35683aff5c185bfc4ec8b5a64', u'a1af992b78a1319f763c9159f0cdaa6b6292ecb7', u'ac7d8901e6f6a618359ab9cfea32e0f2e1c281b5', u'df4020df3c04d1730a39dd8d4f1f39bcaadef014', u'04353ef81f5111b3d0da57deb2571bdac9bab5f3', u'674c2a4c7d52ab846a474c13d32f95228bbac56e', u'06c6a70030c72f78093a4f3f94d35ee99afd7230', u'2346370b3616de42c9ac018c6d7429c69da9da0e', u'45da985a2123ee87c07f5a39b9c0a68ea43a6919', u'a1d9aacd1a1a92aa3d56e76b763f5cc192c17c29', u'41514afecacaa8fcc46071a8c8a53e28cd18fc26', u'01fe8675aadfa50c21631ebdb2234e295656e719', u'8cd67f55fc8f83572acb669d53c204bd9a8e8040', u'cd4ba4a7e0eb8db4271599e9cf946b5f01dca6a1', u'd488449ac98bc4f79928203e37b754fefa93797f', u'593d60a3adb2b5bf8a1c08f30c9a9fd4f33320ec', u'36d1b3565cea33bc5c006c3780b0252f4cffe388', u'51ea045ea712d9dd43501e447240c963a1fa9ae1', u'af7f5e2b672f77a100cd0f48d67af4b8153685f3', u'b843fcef3e423d74ecaaca0190f018f6a6cc0ec7', u'aaa1403229744caf3b3e867f4a0a05fae77d4f67', u'a997e8f1580a11436a39fa43d6f7d85abd7d64a6', u'419724b6aec525aea39fec90e31a6d2604a69156', u'042f338f712b40a0163b34d38ed8eef0e85a51e6', u'5e25f236a245ebdb87240a745885d5f01fdf902a', u'26b12facc573226f3ef3641215950c97f174a2f5', u'cef7d1e0b049f72f0597fb2de04bdfa723de86cc', u'ad60cd5a7e896f7fef0f83866cad768ba4e682ad', u'59a5a70a2cd50033cca9474314c417148b5167a7', u'9528482005fb21649034f3153bbbbf680543249d', u'21a3353d13c94a7d53109de1f0f0bfe417a9615f'];03/12/09 15:53;22/09/06 06:33;1168;56;org.apache.derbyTesting.junit.TestConfiguration.openDefaultConnection();5139;FALSE;6790a60618d378d233482506aa02d6de;Extract Method;[u'org.apache.derbyTesting.junit.TestConfiguration.openDefaultConnection()', u'org.apache.derbyTesting.junit.TestConfiguration', u'org.apache.derbyTesting.junit.TestConfiguration', u'org.apache.derbyTesting.junit.TestConfiguration.getDefaultConnection(String)', u'org.apache.derbyTesting.junit.TestConfiguration.openDefaultConnection()'];1961;inserted
robustness;4741;078bb79251917c087f3503806cd15f940dc13ad0;bbbeea7533f75a5fec93cab9fe6ef92cbb6e7a85;[u'a1c1356a59105d8a5e9fbd5389c28e0c98ef4710', u'dd2650ff3109af94ac8bb87a94c23d700bd4c98c', u'e0939287630107e3ae8139e285e2fa6c2606550a', u'418a799c32bf870ddd7d4b53818730be5194cb1c', u'aeb43258605b4243814c782051ac845466e798b6', u'10e4538ebd9013c063d65fae9933ef7a62e15f0f', u'cd7ef76fb6fbc93b322cd1cc461db13dfddf1f98', u'0c5c5aa11961a5b9ea60fab1f164900f29c7bd18'];03/12/09 15:53;31/07/08 08:42;490;8;org.apache.derby.impl.jdbc.EmbedBlob.position(Blob,long);5139;FALSE;e8202bf0397a97d60bcd69c494ed9b6a;Extract Method;[u'org.apache.derby.impl.jdbc.EmbedBlob.position(Blob,long)', u'org.apache.derby.impl.jdbc.EmbedBlob', u'org.apache.derby.impl.jdbc.EmbedBlob.read(long)', u'org.apache.derby.impl.jdbc.EmbedBlob', u'org.apache.derby.impl.jdbc.EmbedBlob.position(Blob,long)'];4498;inserted
functional;3897;12988c7ccd11204ef3c3177f765b2fd8eab6290c;020c39e42181f3c409afab81f04c5a4449884c0b;[u'926e1c6f97778e8d14553db246f962fa65a772eb', u'b57ee34e47320aa77f1c86735db6f4db333c1644', u'c9346829698135a60357af0f67588bb07b51d130', u'65ade681662ee778151301c235f73f86955d662d', u'6c9dac8af848beceff050430ae2d0c0ef2f3fc49', u'5b2b352af9f40aa884d538e301a4405a9a2685b5', u'1373f5a6f57abef4e9748674c3516872e5a8ef30', u'6b509650698ec67d4ddc5cbae50008c6af9390a0', u'e65be5ba5e43c631b6b4fcdaef121b6ed899b45a', u'0c13195ec16e6e2b3e82c0157601a83c58358049', u'2a6e45926e202aeffafec858d16d2f7b71d0fbfd', u'd52f87850ee1d446f9dc9cc99b3dd4ebbcd9ebed', u'6b0118a9823c83894c081938ca56aa0b076a66ef', u'd45f7d3f42f8e49b5dfb260962c27b2ddc882627', u'c6012226c0210b8e2b231f517a03b91aaf8b0e2b', u'7e374135c0e4e42b2dc6406b54cd015f34d6ca44', u'5087be8daf12bae37969533dbe11d8564b541895', u'3bfb5f07f11d7a77ea973c80928fa7409bec0646', u'3fcea8a68044fee4bd9fbef4edabb4a2afa14a6f', u'94f158a5fb1169dee6c754e3b2c271dda5c88f59', u'91fb0f817218b8f39c7449059d0f092cd447bcdf', u'f62cb688bdc6b02e1939a97d357e62eb881f7ea5', u'6950a390bdf86e0bf755d38da3b29d620adcd49d', u'8d6d99d428483ef302af894848cbf29658d7c60e', u'aaea35714b16a9df552eb9d0d624d9404763f92e', u'5781f54d8f0cf7f4fb049878f4ec849cffffc91b', u'c5114100266043487034293f0a71783af40809e2', u'5bffaa5919a7e4fbb864a5f04ad84eef7a2e533f', u'660d73805a226d8e511cacd286dd2552c32a4192', u'886b5f8c2779f7a2e855244634fb543321d3e33e', u'c56ecebc0c58f164df92aa8266331b4868a70388', u'365746274aa79d778c404f6185f0fa401a592195', u'7478b0dd7a23854743fe4b235db3b3c0b68a250c', u'f512b2fccfeba10412dcb1115a595de19977d24d', u'69d1cb892d0e91cefd12d0763259b4b13383fa8a', u'57154353babe11ac6a653752c856f2af84fbfe63', u'19f33c647f7aa16f405656c12fa693331ee50dd8', u'fade7e973fe4de9706c7dc940def98548c1ff841', u'10cc70bcc00febcc1aa0d6dcef2f959c4e930c64', u'72cc553200ee85d4f9093b6236f84a28292e5060', u'45075ccac34f2c5e5306299b2a3c6bb11ac10abd', u'deb9b45bda9062b8e47eaf434f0107ca8f299c8a', u'4dbb0ff3bd01b57c299784c7ee1cd5567c8b3046', u'b408ff8d0b2eb1e57b6223f0b3b5efe66a018826', u'4f278dd37004fb8f3e2b1886d15d4a8f362228ad', u'242c9bda1c1d17214c7658796d4b08809bdad2db', u'28030d7074a2270fca2d7e86a49f9a56a5bbfc13', u'e24d8efb35a3a2a30a69c60dba6b23e117d6bd86', u'1e8a20fb6de5a3372789860f4bf596a90103f4a7', u'274e189e147e576b837e016a5486c2afd4a83455', u'a660147e652b072893aa9ab317e7e1d48796d222', u'31f29a4bb5e9e1901e11555251e1fa68f13a5c1e', u'41d3af8a225991404cf2aebcd3ea5bea09ad4dd2', u'a1c5d5f0f4dbce02e29831beda9fa146c5f0794f', u'e836c591a9144225377d1b81722c1dda08616339', u'2700e3d8f1dafc729d4b36a560f80e76f46dd4d7', u'2f015be9439bd16f76626b9eae13016feeb648c8', u'329f167792fd8634e0c88cb5d556a89e7daba825', u'de3b10877b7aae812b94c6999b295a5a8365a07a', u'5c2052228701159ed1d6b67fa2754c230e4d227c', u'dbfbecb4f623e5e1f8120fa27b1dd5d68173e931', u'a7a9dd727dc3ae917b3eb162a00077b56a06f660', u'27fc0da4ede9f4e5acb3da1d7f4072feaa34760c', u'1a4ea31f0900f1da3ebf848c0cc43d11b87563c0', u'504e4296e69eb0bb0b4d67f8a41a43d2489715d9', u'88a3cb976f3d6eabe388bd331f341e4f18fbdfdd', u'c7d6c7586a306cf23696cfe1b58049286b4dbaef', u'3631eb025058e64dd4b1ba4a37d35b57215500c8', u'4ef86215d9ba1ea0ba01046888fd4119f7bd65ea', u'1d87ff4dc2577ecebc181032636eecd36cb716b5', u'fcf7ef387a831d3ce62b67fdd0e0f47264e76b4a', u'c6390ccc7df7636645c1bd13baef88c88df5ef77'];15/07/08 11:52;15/03/05 21:51;1217;72;org.apache.derby.impl.jdbc.EmbedResultSet.deleteRow();4458;FALSE;d189ea38f6fd0f7b8dac3261b90afa51;Extract Method;[u'org.apache.derby.impl.jdbc.EmbedResultSet.deleteRow()', u'org.apache.derby.impl.jdbc.EmbedResultSet', u'org.apache.derby.impl.jdbc.EmbedResultSet.checksBeforeUpdateOrDelete(String,int)', u'org.apache.derby.impl.jdbc.EmbedResultSet.deleteRow()', u'org.apache.derby.impl.jdbc.EmbedResultSet'];264;inserted
functional;3897;12988c7ccd11204ef3c3177f765b2fd8eab6290c;8b0b9958fdfdb30f9fcc5b861715f7c298316d4f;[u'7478b0dd7a23854743fe4b235db3b3c0b68a250c', u'e3bd4bbd7a41dfd359596b7c3edb4f57815db4e5', u'5b2b352af9f40aa884d538e301a4405a9a2685b5', u'd2814625fdeb48ca1500c843277f19ee809946f9', u'c6012226c0210b8e2b231f517a03b91aaf8b0e2b', u'0f4ab9103ea0c4dde7b95368fec0165ed8ff2bcf', u'048eb34b71f59e90957b856bfe85199c6dd3ec4f', u'a0118e1cf57e34ec548bd877935fd9fdfeba3858', u'2f015be9439bd16f76626b9eae13016feeb648c8', u'94f158a5fb1169dee6c754e3b2c271dda5c88f59', u'88a3cb976f3d6eabe388bd331f341e4f18fbdfdd', u'6c9dac8af848beceff050430ae2d0c0ef2f3fc49', u'0568a6c127a733a3e1a69ddce10d8a801d78cdc9', u'fade7e973fe4de9706c7dc940def98548c1ff841', u'1e8a20fb6de5a3372789860f4bf596a90103f4a7', u'e836c591a9144225377d1b81722c1dda08616339', u'4f278dd37004fb8f3e2b1886d15d4a8f362228ad', u'782354ace6b60bac8e35d534ad9aa61bcf3d2593', u'365746274aa79d778c404f6185f0fa401a592195'];15/07/08 11:52;15/06/06 18:26;760;19;org.apache.derby.impl.jdbc.EmbedStatement.executeStatement(Activation,boolean,boolean);4458;FALSE;d427e123cc5c33283b78fa2fce2afd94;Extract Method;[u'org.apache.derby.impl.jdbc.EmbedStatement.executeStatement(Activation,boolean,boolean)', u'org.apache.derby.impl.jdbc.EmbedStatement', u'org.apache.derby.impl.jdbc.EmbedStatement.executeStatement(Activation,boolean,boolean)', u'org.apache.derby.impl.jdbc.EmbedStatement.processDynamicResults(sql.ResultSet,int)', u'org.apache.derby.impl.jdbc.EmbedStatement'];1445;inserted
robustness;4122;52625a509217bf1d5c3daadab9b7b9ba4c966ba8;1b0debd1fdbdbe01b80de12ffb8419b1e6fcc770;[u'52625a509217bf1d5c3daadab9b7b9ba4c966ba8'];28/01/09 09:03;27/01/09 00:34;1;1;org.apache.derby.iapi.types.SQLClob.getStreamWithDescriptor();4781;;e143417e7f1b49eb3ff6c22cdaf3da19;Extract Method;[u'org.apache.derby.iapi.types.SQLClob.getStreamWithDescriptor()', u'org.apache.derby.iapi.types.SQLClob', u'org.apache.derby.iapi.types.SQLClob.investigateHeader(byte,int)', u'org.apache.derby.iapi.types.SQLClob.getStreamWithDescriptor()', u'org.apache.derby.iapi.types.SQLClob'];4780;inserted
robustness;4198;69a192ae22196118e923c60d4de6002ec95f17c0;020c39e42181f3c409afab81f04c5a4449884c0b;[u'926e1c6f97778e8d14553db246f962fa65a772eb', u'b57ee34e47320aa77f1c86735db6f4db333c1644', u'c9346829698135a60357af0f67588bb07b51d130', u'65ade681662ee778151301c235f73f86955d662d', u'6c9dac8af848beceff050430ae2d0c0ef2f3fc49', u'5b2b352af9f40aa884d538e301a4405a9a2685b5', u'1373f5a6f57abef4e9748674c3516872e5a8ef30', u'6b509650698ec67d4ddc5cbae50008c6af9390a0', u'e65be5ba5e43c631b6b4fcdaef121b6ed899b45a', u'0c13195ec16e6e2b3e82c0157601a83c58358049', u'2a6e45926e202aeffafec858d16d2f7b71d0fbfd', u'd52f87850ee1d446f9dc9cc99b3dd4ebbcd9ebed', u'6b0118a9823c83894c081938ca56aa0b076a66ef', u'd45f7d3f42f8e49b5dfb260962c27b2ddc882627', u'c6012226c0210b8e2b231f517a03b91aaf8b0e2b', u'7e374135c0e4e42b2dc6406b54cd015f34d6ca44', u'5087be8daf12bae37969533dbe11d8564b541895', u'3bfb5f07f11d7a77ea973c80928fa7409bec0646', u'3fcea8a68044fee4bd9fbef4edabb4a2afa14a6f', u'94f158a5fb1169dee6c754e3b2c271dda5c88f59', u'91fb0f817218b8f39c7449059d0f092cd447bcdf', u'f62cb688bdc6b02e1939a97d357e62eb881f7ea5', u'6950a390bdf86e0bf755d38da3b29d620adcd49d', u'8d6d99d428483ef302af894848cbf29658d7c60e', u'aaea35714b16a9df552eb9d0d624d9404763f92e', u'5781f54d8f0cf7f4fb049878f4ec849cffffc91b', u'c5114100266043487034293f0a71783af40809e2', u'5bffaa5919a7e4fbb864a5f04ad84eef7a2e533f', u'660d73805a226d8e511cacd286dd2552c32a4192', u'886b5f8c2779f7a2e855244634fb543321d3e33e', u'c56ecebc0c58f164df92aa8266331b4868a70388', u'365746274aa79d778c404f6185f0fa401a592195', u'7478b0dd7a23854743fe4b235db3b3c0b68a250c', u'f512b2fccfeba10412dcb1115a595de19977d24d', u'69d1cb892d0e91cefd12d0763259b4b13383fa8a', u'57154353babe11ac6a653752c856f2af84fbfe63', u'19f33c647f7aa16f405656c12fa693331ee50dd8', u'fade7e973fe4de9706c7dc940def98548c1ff841', u'10cc70bcc00febcc1aa0d6dcef2f959c4e930c64', u'72cc553200ee85d4f9093b6236f84a28292e5060', u'45075ccac34f2c5e5306299b2a3c6bb11ac10abd', u'e3883f5f2cf307dea098580203f30ed1b9040adc', u'deb9b45bda9062b8e47eaf434f0107ca8f299c8a', u'4dbb0ff3bd01b57c299784c7ee1cd5567c8b3046', u'b408ff8d0b2eb1e57b6223f0b3b5efe66a018826', u'4f278dd37004fb8f3e2b1886d15d4a8f362228ad', u'242c9bda1c1d17214c7658796d4b08809bdad2db', u'28030d7074a2270fca2d7e86a49f9a56a5bbfc13', u'e24d8efb35a3a2a30a69c60dba6b23e117d6bd86', u'1e8a20fb6de5a3372789860f4bf596a90103f4a7', u'274e189e147e576b837e016a5486c2afd4a83455', u'a660147e652b072893aa9ab317e7e1d48796d222', u'31f29a4bb5e9e1901e11555251e1fa68f13a5c1e', u'41d3af8a225991404cf2aebcd3ea5bea09ad4dd2', u'a1c5d5f0f4dbce02e29831beda9fa146c5f0794f', u'e836c591a9144225377d1b81722c1dda08616339', u'2700e3d8f1dafc729d4b36a560f80e76f46dd4d7', u'2f015be9439bd16f76626b9eae13016feeb648c8', u'329f167792fd8634e0c88cb5d556a89e7daba825', u'de3b10877b7aae812b94c6999b295a5a8365a07a', u'5c2052228701159ed1d6b67fa2754c230e4d227c', u'dbfbecb4f623e5e1f8120fa27b1dd5d68173e931', u'a7a9dd727dc3ae917b3eb162a00077b56a06f660', u'27fc0da4ede9f4e5acb3da1d7f4072feaa34760c', u'1a4ea31f0900f1da3ebf848c0cc43d11b87563c0', u'504e4296e69eb0bb0b4d67f8a41a43d2489715d9', u'7672693c21882a41cc101b250e9ebe8357019a10', u'88a3cb976f3d6eabe388bd331f341e4f18fbdfdd', u'c7d6c7586a306cf23696cfe1b58049286b4dbaef', u'3631eb025058e64dd4b1ba4a37d35b57215500c8', u'4ef86215d9ba1ea0ba01046888fd4119f7bd65ea', u'1d87ff4dc2577ecebc181032636eecd36cb716b5', u'7af672657396eff71675d2c8ec87336e45a66a2a', u'fcf7ef387a831d3ce62b67fdd0e0f47264e76b4a', u'6f4c92afbac066d443ee2aab2d75990a04412a22', u'c6390ccc7df7636645c1bd13baef88c88df5ef77'];14/03/09 23:45;15/03/05 21:51;1460;76;org.apache.derby.impl.jdbc.EmbedResultSet.deleteRow();4827;FALSE;d189ea38f6fd0f7b8dac3261b90afa51;Extract Method;[u'org.apache.derby.impl.jdbc.EmbedResultSet.deleteRow()', u'org.apache.derby.impl.jdbc.EmbedResultSet', u'org.apache.derby.impl.jdbc.EmbedResultSet.checksBeforeUpdateOrDelete(String,int)', u'org.apache.derby.impl.jdbc.EmbedResultSet.deleteRow()', u'org.apache.derby.impl.jdbc.EmbedResultSet'];264;inserted
functional;5312;a768c94c9ad4c21c5570ff95ada4f46882098e72;70c969f31bf1578118aaa3d2eaa6444683b66d88;[u'3c7c7402831d92c761a84e3e1d22b3c10eb7962b', u'a768c94c9ad4c21c5570ff95ada4f46882098e72', u'c6ca3043b13281f6d3eceb12de746ef505720399', u'01a4f9bd8890e2288c089e821d6ac71edecdfd4b', u'1cfe34ee06688596e4b30087fb855948b537e40a', u'616c0d01b9a59f2c0b42da11e2c74420685c5e3a', u'5d9742250f70ec93331188b37ed163babadefd2d', u'4afad93f89ebb80271d7aeb1d7b1aebfb4de60e4', u'a552fe6e32238f8752b2680235af1ea1eb4c98a9'];18/04/11 20:12;06/01/11 18:36;102;9;org.apache.derby.impl.store.raw.data.RAFContainer.openContainer(ContainerKey);6000;FALSE;1501e34013c7c95a782ec151c45ee91d;Extract Method;[u'org.apache.derby.impl.store.raw.data.RAFContainer.openContainer(ContainerKey)', u'org.apache.derby.impl.store.raw.data.RAFContainer', u'org.apache.derby.impl.store.raw.data.RAFContainer.openContainer(ContainerKey)', u'org.apache.derby.impl.store.raw.data.RAFContainer.openContainerMinion(ContainerKey,boolean)', u'org.apache.derby.impl.store.raw.data.RAFContainer'];5762;inserted
other;5608;3b4b552c816f27289ca40946a86c2444b4021a10;9b4c5f49a604e1baabb2b618dd1b37b9699c7cd3;[u'3b4b552c816f27289ca40946a86c2444b4021a10'];18/08/11 18:15;18/08/11 01:23;0;1;org.apache.derbyTesting.junit.BaseTestCase.readProcessOutput(Process);6166;FALSE;fb5aaebacfcf93a8bd7402eae21c7a64;Extract Method;[u'org.apache.derbyTesting.junit.BaseTestCase', u'org.apache.derbyTesting.junit.BaseTestCase.readProcessOutput(Process)', u'org.apache.derbyTesting.junit.BaseTestCase', u'org.apache.derbyTesting.junit.BaseTestCase.inputStreamToString(InputStream)', u'org.apache.derbyTesting.junit.BaseTestCase.readProcessOutput(Process)'];6165;inserted
other;4263;d6b042086376f9c17e7f3ef7b870f5f3ec99149f;78997ab3548d28cbef9a3fae21903980fc585d00;[u'ed931124ada7cb62f8e81c4788a0c0c5382a381c', u'636e8e5f76a3eae49871c58c322750409b197171', u'd6b042086376f9c17e7f3ef7b870f5f3ec99149f'];13/01/09 21:07;22/12/08 13:46;22;3;org.apache.derbyPreBuild.PropertySetter.execute();4760;FALSE;44e5d75ec20bc5f110bd43422dd0b279;Extract Method;[u'org.apache.derbyPreBuild.PropertySetter', u'org.apache.derbyPreBuild.PropertySetter.execute()', u'org.apache.derbyPreBuild.PropertySetter.execute()', u'org.apache.derbyPreBuild.PropertySetter', u'org.apache.derbyPreBuild.PropertySetter.usingIBMjdk(String)'];4722;inserted